-3.404182105762809107e-01	-1.601661754232625370e-02	6.576621610657809418e-03
-3.082035252113907720e-01	-8.463819656958060378e-02	9.954568366953388259e-02
-2.906498724922721433e-01	-2.859411674992349064e-02	1.554682606199388195e-02
-2.959933550509750155e-01	-3.199737029110874542e-02	2.054360553561154767e-02
-3.953615094719759582e-01	-7.324567423423661294e-02	7.313841810977673996e-02
-2.903172889185487993e-01	-5.145587056979269991e-02	3.929993600900191092e-02
-4.186770805614004609e-01	8.717663956850370266e-03	-2.651920262597355291e-02
-4.141232186682413663e-01	-2.437496258738268418e-02	1.286787277370071182e-02
-3.769123231653582207e-01	-1.479020616929702363e-03	-1.319164418835756976e-02
-3.672343394432936448e-01	7.158249231080023381e-03	-3.672906623796869802e-02
-3.784186129171539514e-01	-7.551844854668411829e-03	1.728570598880743367e-02
-2.947271200078123710e-01	-8.039235949635856540e-03	-1.532086191590817208e-02
-3.577161927919001450e-01	-2.127068018931420335e-02	1.170297703776018890e-02
-3.591669072658164596e-01	-3.513132058715266737e-02	4.670132012425389639e-02
-4.074932372470969622e-01	-1.101799760066725191e-02	2.047409695836399646e-02
-3.342276781322949253e-01	-2.080233669862581458e-02	1.335937961217109268e-02
-3.578296572418690480e-01	-1.794649774333830980e-02	7.240152878881711898e-03
-3.377125115808793376e-01	-2.823469174328575165e-02	3.919778404365819452e-02
-3.679167563557103060e-01	-1.497662276778870087e-02	1.736361087357711497e-02
-3.208876996029214612e-01	-3.524052329700305686e-02	6.863578203348558171e-02
-3.509799514530042575e-01	-3.696453291776713446e-02	5.965483892766793028e-02
-3.581815597564729226e-01	1.604068244567174312e-02	-3.827639406613851658e-02
-3.891462832677462513e-01	-2.091682484914687053e-03	-5.445840097055729308e-03
-3.411320521537438144e-01	1.563176034167519657e-02	-2.350702554573704320e-02
-3.362512177697405402e-01	-3.592162689363411626e-02	4.312233963895152622e-02
-3.991270096767003950e-01	-2.720390593837487478e-02	2.918699190146722966e-02
-4.011167126400623784e-01	-4.926825956352247349e-02	9.457671505718553973e-02
-3.837550810007730462e-01	-6.388453127982425539e-03	-8.382704068355341723e-03
-3.391935902439818240e-01	4.573460901625889946e-03	-7.556964923729323283e-03
-4.254548195982960079e-01	9.313909171336096776e-03	-1.930182426698723308e-02
-3.867443602823825155e-01	-3.388001980404002633e-02	3.887233872743785928e-02
-2.989421821642099242e-01	-3.353387702872116186e-03	1.412258353564781535e-02
-3.361243046448582628e-01	-8.530703958983752375e-03	4.504891773369854718e-03
-3.695793444380787718e-01	-4.019281904323125654e-02	5.876513834552801741e-02
-4.246614644103192115e-01	-3.485135876394768184e-02	2.407936057369684454e-02
-3.690430336120932298e-01	-1.074621118528626407e-02	-8.385234588453853444e-03
-3.395376599595172351e-01	5.552569584664864520e-03	-1.582597470376872345e-02
-3.260108553351793170e-01	-1.780474224046502130e-02	2.621094027449483860e-02
-3.745779117204437458e-01	1.068763494409651592e-02	-2.867721041396013859e-02
-3.441443053843645239e-01	-2.131949569603817235e-02	1.690221567867923949e-02
-4.250479731570908082e-01	2.958512006229139721e-02	-5.210828102977123344e-02
-3.534835004099374789e-01	-2.734778807754187097e-03	-9.853795596894483755e-03
-3.997289537633874623e-01	-3.276933862949218262e-02	4.213392108173400624e-02
-3.607181620351903595e-01	-2.422087434895772717e-02	1.988297249899391092e-02
-3.456705796134602049e-01	1.230330264968433444e-02	-4.057838970474067497e-02
-3.709000460391627119e-01	-2.215785931799914982e-02	3.553105120580857257e-02
-3.502463512599455209e-01	-8.281040268745909136e-03	-7.434479960376381633e-04
-3.200768952276976109e-01	-1.469658053426787202e-02	8.177271203432135566e-03
-4.121546538726243436e-01	-3.126942970803000556e-04	-9.851076782487987876e-03
-3.842322608742911871e-01	1.575655324896172230e-02	-3.341481556536126524e-02
-4.534087136541480878e-01	2.465971510338324946e-03	-2.524704069997750835e-02
-3.529333435646445638e-01	9.588725478466300634e-03	-2.498024586346797235e-02
-4.247314105150524211e-01	1.198003754834582255e-02	-3.217387045645279248e-02
-3.897571463820377335e-01	-1.475512846766921689e-02	1.209457391395171581e-04
-4.859752960971889801e-01	1.563297950874369471e-02	-4.646140972372323624e-02
-3.157406010910939198e-01	-6.559323338145448207e-04	-1.973328409662576666e-02
-4.298667366982667493e-01	2.203807983282680613e-02	-5.745433554206216126e-02
-4.260741482374827416e-01	-1.875270059349980895e-02	1.742550218171949258e-02
-3.208840565256028121e-01	-7.586773077610427414e-03	-4.055354332019774251e-03
-3.583127216088684008e-01	1.086400975144228773e-03	-1.397373988303891347e-02
-3.677565206361123051e-01	8.575587806049731268e-03	-1.586667857921056704e-02
-3.814927669801080334e-01	-2.255898270651939333e-02	1.024499359693668496e-02
-3.961941568326265428e-01	-2.092455330108928396e-02	2.496614665534995642e-02
-3.338101039580635976e-01	1.185686609227359781e-03	-2.619885733182448009e-02
-4.197530595221224958e-01	-8.091195736335439481e-03	2.737832740052176250e-02
-3.527284479829061459e-01	-2.224354275185028845e-02	3.155022554439235183e-02
-4.223446565899427463e-01	-2.216407920774817256e-02	2.328311953505008206e-02
-3.924238121146706448e-01	-1.509410361445709912e-02	1.141776117404311695e-02
-4.312205076332049081e-01	-2.219361892112454993e-02	8.063510027687638068e-03
-3.563956186908335266e-01	-2.599477386779362395e-02	3.974921362738034758e-02
-5.476840764914718829e-01	-1.773971580788452282e-02	3.550734754469887875e-03
-2.147053095493073882e-01	-4.935377703753134754e-02	3.763835894205047605e-02
-4.547728843661789089e-01	-1.581733031264887998e-02	2.731335760903389875e-03
-4.083186096076119043e-01	1.678778009932044984e-02	-2.799299168902730922e-02
-3.955714212812588282e-01	6.955657658642836090e-03	-2.149830500116005350e-02
-3.627397919393453574e-01	2.043825405589723247e-03	-6.240508361238613320e-03
-3.381265018451253823e-01	1.761541454714594035e-03	-1.783903499115331581e-02
-4.214717234229859444e-01	-1.963117907207182281e-02	3.820884924538128780e-02
-3.868359596459397531e-01	1.067765239253907301e-03	-1.226989018954125973e-02
-3.721772586535748717e-01	-5.981974478432485615e-03	-8.688896132508229855e-03
-3.926008037583169075e-01	1.814885245257517009e-03	-4.402706218166369673e-03
-3.438362895868359859e-01	2.510714939194137220e-03	-1.708453162570148023e-02
-4.748607929407126504e-01	2.569105629771704646e-01	1.159461412736017549e-01
-4.321678054836687877e-01	-1.343863536117778298e-02	9.049115099406743190e-03
-4.197328679253278794e-01	-9.451209709689396138e-03	-8.142521628536144793e-03
-4.013324829050333720e-01	-3.661334751162303308e-02	4.707494813269891970e-02
-4.072937705557820864e-01	9.996803037934315697e-03	-3.092662277290425532e-02
-4.578718938702481256e-01	6.304920558018409574e-03	-6.602045680528794737e-03
-3.974104062070742960e-01	8.951793287971321691e-03	-2.009867976483316679e-02
-3.930959429118343063e-01	2.952099600123053377e-03	-2.136361736613168888e-02
-5.135599508534043345e-01	1.985477807872261524e-03	-2.729640171142017763e-02
-3.512392955069878475e-01	-1.035119368508692975e-02	1.255657858226588881e-02
-3.132839087168949876e-01	-9.566536579985790781e-03	1.144973234198501215e-02
-6.133743663361282961e-01	-2.461113337144887545e-02	1.006632409205370123e-02
-5.428261545879884409e-01	2.302688559067907204e-01	8.250037891671391233e-02
-4.308814907466327893e-01	6.950464274824482563e-03	4.586250616542907922e-03
-4.573519465666472383e-01	1.645765124599754981e-03	-5.897295517782316469e-03
-4.174788766760509362e-01	1.915350672851121039e-02	-1.561419578734980773e-02
-4.184484400229959711e-01	-2.137900725851752531e-02	4.749177638744660895e-02
-3.854710187235668717e-01	-1.384983796920526969e-03	-1.375784727862173866e-02
-3.817746391588225374e-01	-4.001504221111755986e-03	-1.907460580249431548e-02
-3.841923862201490070e-01	-2.860912718484669159e-02	3.299381585899558572e-02
-3.861589225343997067e-01	-1.665569988847352689e-02	3.741718460262639240e-02
-3.974086003067565653e-01	-8.025094942992982289e-03	4.289041808103106514e-03
-4.540675327082501211e-01	-2.240125922724747233e-03	-9.898692908653101280e-03
-4.850884558552810977e-01	-2.848587728777488958e-03	-1.421195870365387325e-02
-3.927091660252766125e-01	4.610435513958901013e-03	-1.939037623515240880e-02
-3.748424061851095557e-01	2.784016898177248990e-03	-2.342556425722029656e-02
-4.104700937773591018e-01	-4.617199246624569507e-03	1.493250061610668089e-02
-4.585097914409581588e-01	3.987690683069731318e-03	-9.867928393106741372e-03
-3.656301721698400065e-01	-1.132418924482228063e-02	2.308662019922165867e-03
-4.647798852504153588e-01	1.728042646956268885e-03	2.743085584118457043e-02
-4.587634962439079422e-01	1.631358261309366967e-02	-1.679568633699577221e-02
-4.550840304210773124e-01	-1.363794338986539477e-02	1.467297206808560947e-02
-3.915042407818155046e-01	-1.600031681629517435e-02	3.524771499188776580e-02
-4.740268036318610045e-01	-2.480678277490909207e-03	-1.091743696878017152e-02
-4.045127204568577106e-01	-2.526351546386710126e-02	2.936019682751246987e-02
-4.188646213104271210e-01	-1.369603587431050991e-02	6.186795279864900493e-03
-3.175621107801309684e-01	-1.754942434310073976e-02	2.367205983333848379e-02
-4.158921574538428367e-01	-5.950893964459303721e-03	9.769061681619325976e-03
-3.420876189995127881e-01	-2.391538194730042505e-02	2.244538309515790170e-02
-4.031033849445750938e-01	4.093467902851024350e-04	-2.431030637937056302e-02
-4.023064024444100162e-01	-2.222154889566613570e-02	2.018548985205257523e-02
-4.762529438418908190e-01	-1.728400523810438329e-03	-1.202933771053328257e-02
-3.703265538282747293e-01	1.502420049007598297e-02	-3.732373435136865369e-02
-4.830803048498614749e-01	1.299137862607927831e-02	-2.334178992852421058e-02
-4.648522117052096836e-01	-1.687001606850604268e-02	1.980728411002480663e-02
-3.503126253329675865e-01	-4.371055673963515631e-03	-1.457655265092921808e-02
-4.038388101471008240e-01	3.087366262641311719e-03	-7.444353909769183507e-03
-3.873097182516131443e-01	7.329248621899435608e-03	-1.742202774563039779e-03
-3.371097949712153485e-01	1.165563487253353306e-02	-1.889000615167267180e-02
-2.916933079776938276e-01	-9.813128502824759649e-04	3.076343116815779318e-03
-4.890578325774797563e-01	9.946884634182024190e-03	-2.706687663966147669e-02
-3.516468329577261409e-01	-1.892708907471013849e-02	2.729396543041155698e-02
-2.189948131894087768e-01	-2.481922980747855445e-02	1.363724801510494966e-02
-3.848361504592721083e-01	-5.991775236693493113e-04	-1.147637444183752589e-02
-4.144923176328458858e-01	1.073385944213460941e-03	1.060912436239015678e-04
-4.198815749851530499e-01	-1.668992547087045156e-02	1.367860026485620724e-02
-4.495066203382960812e-01	2.696923372893081372e-03	-1.726542947817335041e-02
-4.295792991063819843e-01	-1.949967656828242987e-03	-8.454700600059268656e-03
-4.399012297512568392e-01	-1.267457500669726123e-02	9.260007562839326148e-03
-3.665427931157029806e-01	6.734153186598823733e-03	-2.038803823965777348e-02
-2.565478645886826170e-01	-2.069770472494329369e-02	3.582330843786420138e-02
-3.701891466344330861e-01	-1.244268928273217605e-02	8.827775662892688169e-03
-4.109787495955283254e-01	-5.252208207470451806e-03	3.278490894376296771e-03
-4.573546032764561620e-01	2.596395115510994906e-03	-6.674277121504886175e-03
-4.925752509936749957e-01	-8.810749124309725372e-03	-2.455855121853119886e-03
-4.863277268381304141e-01	2.387558406809811573e-01	9.424656599307101867e-02
-3.937427947171375231e-01	1.724821941600346818e-03	7.289478846527764830e-03
-4.363862983845517296e-01	5.297739883983916542e-03	-1.567755979737121483e-02
-3.222397672767969845e-01	1.280272150716586441e-02	-1.236363395654264431e-04
-4.366846887791792087e-01	2.754664594512012520e-03	-1.522410140721369882e-02
-4.143607096419291702e-01	8.170494089322841158e-03	-2.540391575122783255e-02
-3.496612149050828955e-01	-8.911261401045778366e-03	5.198590501289714061e-03
-4.262185105950535013e-01	-1.893240267307365679e-02	1.540013531959889825e-02
-3.148997028798114495e-01	-1.511331018256647542e-02	2.038231404244505995e-02
-4.880175175496389572e-01	9.288622285111085633e-03	-2.633005472860582702e-02
-3.716931857238555126e-01	-2.915679088519630355e-02	1.663863621741969515e-02
-3.901014240667475264e-01	-6.326466962558858348e-03	6.056517383487555924e-03
-3.716266469511373405e-01	-7.186384580480585128e-03	-2.601634811077975853e-03
-3.931800574359525235e-01	4.064959024010780277e-03	2.412333517266322235e-03
-2.714050209088763044e-01	-1.446099424577654800e-02	9.032787343944933753e-03
-3.605798601102862544e-01	-1.817691890185836948e-02	2.125076156055516821e-02
-3.637322240777987603e-01	-2.049285701891711414e-02	1.761588150453873361e-02
-4.468192478090962649e-01	-2.137319684426121011e-02	3.045564216765967586e-02
-4.121990060368461717e-01	-7.439326670481129396e-03	8.229697887458831476e-03
-4.952337477313958347e-01	9.514084118685461541e-03	-2.461722404175570311e-02
-4.361372790377303077e-01	8.525164714160591781e-03	-1.810798374049747347e-02
-4.284581540732594895e-01	3.361962117331535570e-03	5.007472419305510243e-03
-4.620933274760993803e-01	8.262005605292303476e-03	-2.065290677408134629e-02
-1.766831559143677566e-01	-1.134339153834808440e-02	2.947093092397920500e-03
-3.597484795042252825e-01	-5.433434200996668968e-03	9.972770949482234748e-03
-4.924488060849929183e-01	1.861062483048290086e-03	-1.907103550714290413e-03
-2.221814916794947747e-01	-1.758095113833810577e-02	2.232060613061190302e-02
-4.696350622292944088e-01	4.158970326872263312e-03	-1.382317991459583451e-02
-4.061384044088042211e-01	-6.469639263532249961e-03	1.218141273795626464e-02
-4.559059535972750932e-01	-5.631915981593288781e-03	4.495220468277025087e-03
-4.380172450065086265e-01	1.344722857047517088e-02	-1.813993254587392689e-02
-2.928163699059714298e-01	-4.908275713577692732e-03	-6.614055548449552027e-03
-4.183743430118068152e-01	1.201630419196801983e-02	-1.402415024378649705e-02
-4.117959634810431369e-01	-3.931003825694580605e-04	-1.423152256247546196e-02
-4.209165289252888020e-01	1.553605600159761735e-02	-1.454658441914146068e-02
-3.840516802658933138e-01	4.819481907709317892e-03	-1.854188572561753234e-02
-4.229381098880036771e-01	-1.429367729311433778e-02	1.399847318661886879e-02
-4.395428499637597519e-01	7.884567623398895317e-03	-2.207221258923347529e-02
-4.122545188187574650e-01	5.898475375448384433e-03	-3.651418509295469104e-03
-4.254707329719780162e-01	-1.095711264861714586e-02	1.521975774545971001e-02
-3.647641404862630998e-01	-1.015090647031461658e-02	8.203671588626082825e-03
-3.128371616697609436e-01	8.736333954372227720e-03	-1.054291256567412537e-02
-6.137148737801807474e-01	1.548116568172426821e-01	6.778730390798892724e-02
-4.179214395970223261e-01	-3.640235471793643127e-03	7.285198717679102452e-03
-4.212808009797816000e-01	1.607624212465070049e-02	-3.586085004474147322e-03
-4.172795988800301892e-01	-6.781220203118891628e-03	1.117529820522461179e-02
-4.119697006240009007e-01	-7.326994076235633126e-03	2.028977985782659445e-03
-3.132311270912397361e-01	-8.829569996448944844e-03	1.125725956460992341e-02
-6.146826657011870143e-01	3.454169388955344484e-03	-3.773498673103165783e-04
-4.820783470895798617e-01	1.877586487776347190e-03	-2.764893764860787591e-03
-4.349787578221464002e-01	-1.254124306993768985e-02	1.802801762007801012e-02
-4.265282184865763493e-01	-3.823018521981061315e-03	-3.807692581843112861e-03
-3.918543339652658108e-01	-2.472963378040294279e-03	-6.990641992522593322e-03
-4.405920735094027152e-01	5.945211704447496588e-04	-7.202327179347153135e-03
-5.248333961688538274e-01	7.380767056094216828e-03	-6.780367774747820403e-03
-3.471898892387219049e-01	-8.434667351609310970e-03	4.792828919396426024e-03
-5.225231966677508222e-01	1.354766830719010898e-02	-1.996507821070880179e-02
-4.366366421957089128e-01	-9.958464489515877691e-03	1.653191089727329768e-02
-3.733249877174563691e-01	-4.667761630132946996e-03	2.721604607340509345e-03
-5.272565228202469312e-01	7.292060413884059351e-03	-1.332527633200366809e-02
-3.958109975944048009e-01	1.159230808542184923e-02	-1.608355166179327791e-02
-4.146449722686513240e-01	6.726278675124632012e-03	-2.379585610015981859e-02
-3.339447556680149587e-01	-5.579179983319428569e-03	3.277216947815486149e-03
-3.328720753568432111e-01	-6.640244345273700263e-03	-3.827195559557527950e-04
-3.765017524718863862e-01	2.325154154330550359e-03	-1.679283962101147179e-02
-3.864347391723444436e-01	8.470302135921266512e-04	-2.211856142850199616e-02
-3.277677937762751292e-01	-1.021982541026814420e-02	7.651879085017088307e-03
-3.478337120211819067e-01	-6.049799892056696975e-04	-7.231225875680514191e-03
-3.536878826351260163e-01	8.936346811803866710e-03	-1.127311239333513015e-02
-3.622977936231381313e-01	-3.844148050159634615e-03	7.753619653486061927e-03
-3.181866319882836747e-01	-1.465717475738086140e-02	1.445903378778424023e-02
-4.981465792483095734e-01	9.931668936572574102e-03	-1.461098349532043844e-02
-3.484032304991933615e-01	-1.421204470855457836e-03	1.149117145281810951e-03
-3.437838469342980874e-01	-1.599184406844362388e-02	1.828140810608452904e-02
-4.472396658282603576e-01	-1.293062245693590677e-02	1.635050803346956710e-02
-4.556477928062974692e-01	-1.095601349358313499e-02	7.110989018532207738e-03
-3.663747814829155236e-01	7.994653254869881279e-03	-1.198942503752630818e-02
-4.251234886771790844e-01	3.741583338664501972e-03	-6.300042452988548203e-03
-2.328714130448415187e-01	-2.304339280931026138e-03	-3.975747888297105105e-03
-3.121039103485214183e-01	-8.276553496861894371e-03	1.422131437978490099e-04
-1.744534360326468470e-01	-1.835543620588533237e-02	1.948959609137620314e-02
-3.568042045112641003e-01	-5.731325330911994642e-03	-7.947226978730374466e-03
-3.495957424231751487e-01	-3.141473901150003672e-03	1.946309368282151536e-03
-3.779962505663159722e-01	6.147602774549404056e-03	-1.946464412402297214e-02
-3.875268886223477982e-01	3.536449774348653877e-03	-1.838392792770090350e-02
-3.637173416355211075e-01	1.345535145812657395e-02	6.664646863496465935e-03
-3.178728126818449740e-01	5.894762549348762232e-03	-1.294883245761607390e-02
-3.812094643932262272e-01	-5.828981312089000048e-03	1.434215617952411953e-02
-2.383377447373936919e-01	-1.150908093663308845e-02	1.252098323184083588e-02
-3.418368670074958260e-01	-9.446789572169985577e-03	1.292963350472171695e-02
-4.392300608330328426e-01	5.910630300491813774e-03	-2.114702969532693266e-02
-4.389659570452412729e-01	5.120831378047531815e-03	1.465992847115769188e-02
-3.140778346195514104e-01	-1.550383882357699375e-02	9.974137407935753860e-03
-2.714530897499167761e-01	7.427480833479195577e-03	-6.277616122054939692e-03
-4.563535082535360443e-01	-5.776955412404112013e-03	-2.283912474198743995e-03
-4.329645678782752527e-01	4.096706933855464618e-03	-1.314210218003189663e-02
-3.521230055737579190e-01	-1.099130215479900011e-03	-4.048923905086383723e-03
-4.379927683091566215e-01	2.039024491344366280e-02	-4.294907676574555300e-02
-3.599905955193299367e-01	1.768861750916062448e-03	-3.972945358994081286e-03
-2.508234245225889336e-01	1.120434828365873652e-02	-3.176365782671594206e-03
-3.624590271546266340e-01	-1.032598777186566341e-02	3.469674478152254184e-03
-2.895816426429559942e-01	-3.601807698667207260e-03	-1.773379991771854207e-04
-3.765523593876816677e-01	2.633035740999449016e-03	5.632731057135315772e-03
-2.892360417187588295e-01	-6.320677448432439859e-04	-5.011668095826334220e-03
-4.805606077444714019e-01	4.587283816498220756e-03	-1.314178716378463195e-02
-3.550834678603194128e-01	3.010758175654124156e-03	-1.000536936646839389e-02
-3.300180623082394904e-01	-6.715299278072403739e-03	7.534973925195617532e-03
-2.922909148225235065e-01	7.336610835863367807e-04	-1.031304607449174977e-03
-4.604156492027976499e-01	-1.940223676498956063e-03	-5.699355209262958440e-04
-3.634629047361743193e-01	-7.659519134683255917e-03	1.474055936779684146e-03
-3.335341282839613952e-01	-3.298291842207598436e-03	2.229057992288135340e-03
-4.041823903450186828e-01	-5.634126293542427062e-03	2.000526353789111155e-03
-3.673051015967492838e-01	-5.951883909570028497e-03	9.044920252927985543e-03
-3.605323075794402143e-01	-8.632449285431722033e-03	1.897686844939219450e-02
-2.628049942937863426e-01	-6.726774543011551123e-03	8.134848728080713853e-03
-3.979385605034908568e-01	8.753607897206437671e-03	-9.184315097443725151e-03
-1.509543346129534613e-01	-2.425584604404540465e-03	-1.136387848931101271e-02
-4.356135045889362178e-01	1.320441695404233652e-03	-9.864749134177851903e-03
-2.978469945372569927e-01	-8.481290090288504807e-03	6.551290195607169763e-03
-4.680563099830737928e-01	-1.506312305311648244e-03	-5.254201996629761368e-03
-3.146015354073606329e-01	-8.254623412028818177e-03	9.079181165131313541e-03
-4.548191151662004383e-01	4.131917278122934113e-03	-8.542307660072431461e-03
-3.174625710587176686e-01	1.841277874159494895e-03	-1.185343461281341236e-02
-1.754239333884581586e-01	-1.453021232106356140e-03	-6.984944094361230510e-03
-2.685540504546179985e-01	-4.021079352380533059e-03	-2.916368769011238281e-03
-2.923891928268394502e-01	4.395886141724690034e-03	-1.195996826702966018e-02
-3.164734777525601284e-01	4.524114863723785289e-03	-1.036183424257152742e-02
-1.632858674191236537e-01	-7.377166475486017852e-03	6.936106624511656406e-04
-3.438641239385722415e-01	-2.495803789773977984e-03	2.321614762070351324e-03
-3.395945889248116467e-01	4.917927865601871319e-03	1.874767325151931261e-03
-2.544051888598559685e-01	3.934690328879463829e-03	-5.973503281774741359e-03
-2.746832987981686625e-01	-6.031821101966748991e-03	-1.699546477164255178e-04
-3.107559365495923820e-01	2.384257826445710673e-04	-6.001127325393400790e-03
-3.094292145995567456e-01	-1.225963888833234497e-03	-8.651347401530800132e-03
-4.246683797925835391e-01	1.251090503090350123e-02	-1.541310876508379321e-02
-2.468038837453529477e-01	-1.487148906861006630e-03	-6.562897692857904558e-03
-3.462964808937596395e-01	4.866890919467197277e-03	5.227251120944852690e-03
-3.767878964124061758e-01	-5.295594244683184343e-04	-1.221716064548631492e-02
-3.058519320954559695e-01	-2.065789446424718106e-03	1.386394624670248855e-02
-2.510972779681472922e-01	-1.680304190068562971e-03	5.790923885096747534e-03
-1.330728808409718245e-01	-9.485683330424293791e-03	-1.712020599388480984e-03
-3.053289769319787461e-01	5.640727204866176868e-03	-1.475796585671171682e-02
-2.540732178033967004e-01	-1.963098172551812175e-03	-7.601542197549799196e-04
-4.954765167726222774e-01	-3.974263908659480572e-03	-1.125273896433663613e-03
-3.057624249740419908e-01	-3.706523822010551078e-04	-1.126465191486751560e-02
-2.526860197145316400e-01	-1.514405972262375779e-03	-1.868977116117241872e-03
-2.734143136230627880e-01	-4.345386523638116718e-04	-8.654838001475305756e-03
-3.569484010668035334e-01	1.109511185745446112e-02	-1.547262106588683179e-03
-3.883922717585077122e-01	8.413258739265027514e-03	-3.954036916945258620e-03
-1.781321833870223026e-01	8.935955672008189313e-03	7.805595848229468676e-03
-2.796899665621608300e-01	2.976117621421920344e-03	1.568040540175105052e-02
-1.776168856116068784e-01	-1.099208664247397840e-02	5.699520318566299662e-03
-2.466004761035744952e-01	-4.568391246687503529e-03	5.004577599192506880e-03
-2.435325814785340159e-01	-4.104252607540689705e-03	-3.475485455907891246e-03
-2.938905177885325903e-01	-7.915109338997921781e-03	6.240642327854387106e-03
-2.115892860788079755e-01	-7.696027471262613384e-03	-4.717051170451040318e-03
-3.439169229874384226e-01	3.873872110543815847e-03	-1.101110734754865220e-02
-2.958937017729498797e-01	5.939448137540081704e-03	-1.923710533166765949e-02
-3.253614526970066700e-01	5.654933932990052411e-03	-1.028095557752132030e-02
-3.851590295768490546e-01	3.161780071599707819e-03	3.388083902911503877e-03
-1.849860376494571745e-01	-2.435690488382553920e-03	-5.384497165044911139e-03
-3.749988823522240056e-01	5.006122545066491944e-03	-9.408824582860089714e-03
-4.327191621918187736e-01	-9.843163529244027335e-03	1.016181618775528935e-02
-3.508738094570855726e-01	-9.966639189448980168e-03	7.843076718682380141e-03
-3.240647221463804351e-01	1.077328599615633847e-02	-3.134910334569122707e-03
-2.706010668246189299e-01	-6.649075005890269126e-03	2.762817186091560875e-03
-3.632366681567215649e-01	2.931063528714368538e-03	-1.535328504971447162e-02
-2.986764861482605893e-01	-1.686759164487353991e-03	-7.087062417586251044e-03
-4.135259136141025693e-01	1.219642602068244513e-02	-1.774930138974099847e-02
-2.771547649771829436e-01	5.494219007774897752e-03	-1.328310007632435346e-03
-2.975971258228703453e-01	-4.457303923515044085e-03	8.313257110820123372e-04
-4.153625683331885754e-01	2.178459869721996456e-03	-1.117971021650137134e-02
-2.175888238230342109e-01	3.350145908726239342e-03	-1.504099918219137071e-02
-2.533306656348613961e-01	1.517766368821835956e-03	-2.315899375156047456e-03
-2.945439014444496406e-01	5.745865312415976076e-03	-1.094752798945482219e-02
-4.328402184429306909e-01	5.888615586412290076e-03	-8.043497442201275743e-03
-2.658338348312284660e-01	-1.187991120901939202e-02	7.224271996669890707e-03
-2.612676906801544296e-01	6.018572350172069971e-03	-1.423935732266110726e-02
-3.377543793236377767e-01	-4.604990965327811388e-03	1.859613700778504431e-03
-3.683385142398446499e-01	4.228147266671892709e-03	-1.080778867164946914e-02
-3.435550994369259148e-01	6.620548437118884896e-03	-1.398900172456219240e-02
-2.572823534241081012e-01	-4.197312221834458598e-04	-2.596509414894903039e-03
-1.606105308340110838e-01	-2.634860733293948286e-03	1.185948639144507148e-02
-3.126691750733934794e-01	4.519399619136345823e-03	-1.171494097945055199e-02
-1.782593726886869678e-01	7.951367529563374906e-03	-5.951282349564126356e-03
-2.080861696239775793e-01	9.625483863442550747e-03	-9.225870768228384283e-03
-1.446609994143421563e-01	-4.140841700115954933e-03	1.161099956770800939e-02
-4.662335845548397639e-01	8.322229698850412000e-03	-1.911772813222083547e-02
-2.131091099424151925e-01	-7.062396269893334542e-03	7.966527566531723600e-03
-2.723797348119250117e-01	-5.219051074742804552e-03	6.912999864088632644e-03
-4.075344861414751940e-01	1.382529299812471470e-03	-2.927395831615161020e-03
-1.092961127216574985e-01	-9.719840326267881192e-03	1.133866069574961458e-02
-2.179718386704860011e-01	6.290569216953376466e-03	4.106382955232221882e-03
-2.058029389471967563e-01	6.946002173470826845e-03	-1.353779503918085131e-02
-2.389043998667988444e-01	-1.232537984577698580e-02	1.779885200966049158e-02
-2.882314375204529933e-01	5.438904609095411742e-03	-1.030591295684101134e-02
-2.668779450116771645e-01	1.969735093911159467e-03	-7.172814249244843961e-03
-3.202074421954061445e-01	2.588783883579788645e-03	-1.084910613203295300e-02
-2.253091859495633398e-01	3.626343738136018967e-04	-1.812523192388371422e-03
-2.962197222745053260e-01	-1.763684243273021257e-03	-3.736875689211510958e-03
-3.259413392023159939e-01	5.798604012808728642e-03	-1.404441278503301346e-02
-3.312571590933038324e-01	5.024299692258901544e-03	-1.456116276871642114e-02
-1.680180376545710452e-01	2.158443500333947704e-02	-5.321764373722118018e-03
-2.625081543052464328e-01	-1.000480241414407117e-03	5.456859853661732984e-03
-2.757127864809704176e-01	1.415736391569719088e-02	-1.368541353703465850e-02
-3.180690791307435039e-01	-7.045387845710896239e-04	-4.422921708845540222e-03
-3.466738622098576306e-01	-4.359623395850136494e-03	3.748486384003657523e-03
-3.568455482435069492e-01	-7.345587069691124175e-03	5.266400021730492480e-03
-2.613953006069563156e-01	4.528072503020083225e-03	-8.481105037292603968e-03
-3.554254645225539688e-01	-5.233878577291259469e-04	-6.088090888390906841e-03
-2.971812163504264359e-01	2.541440587626551863e-03	3.147925690949234228e-03
-1.404607473856194222e-01	3.226027725807961277e-03	-1.226362214952162084e-02
-2.212029078069739918e-01	-2.720825980092360635e-03	-4.812128898603932302e-03
-2.438435630247056951e-01	-2.422348412418401896e-03	-5.056552997948973206e-03
-1.611520715875870702e-01	-5.620504908152035468e-03	6.893272951273875411e-03
-1.271877984473786249e-01	-1.171918296960564911e-02	1.665114266014853378e-02
-3.510613576260826485e-01	3.344307663032394535e-03	-9.515001874775629032e-03
-2.785357987145793413e-01	1.282402442926381392e-01	4.998862436554121075e-02
-1.912870463266576337e-01	1.861408681885357366e-03	-4.276464793544009803e-03
-1.783550635419212937e-01	8.449202941073733972e-03	5.257223052335243882e-03
-2.331047492081639305e-01	1.484972027038500113e-02	-3.127112327327341915e-03
-1.621845617199264289e-01	4.906004848359406430e-03	-1.238349806457807178e-02
-2.466874208185573791e-01	8.588220722815582053e-04	-9.122480394561411840e-03
-1.422191069782421935e-01	7.652872465768401945e-03	-5.053346653665370322e-03
-2.139871858650959080e-01	-9.235283615013138670e-04	-2.940748218095784461e-03
-2.057921896229459036e-01	-8.579586516062939067e-04	-1.949041528400150122e-03
-1.145491582618136384e-01	5.277913854349794431e-03	8.441459620459839872e-03
-2.504581564602617050e-01	-3.030728616832090074e-03	-3.340732324307435844e-03
-1.824562820652009254e-01	-3.059720068128440103e-03	-4.556297694130695582e-03
-2.480087881722552179e-01	5.041067256047301187e-03	2.557013603476100596e-03
-2.614675135535691752e-01	-8.590888316384022796e-04	-3.121214144711824314e-03
-1.731735610986896434e-01	-3.345613485723322560e-03	-2.124868828848968001e-03
-2.010080503270991192e-01	1.092686860382291285e-02	-1.397034050396071467e-02
-2.092679740116220044e-01	3.083677227909599125e-03	-7.179546790404150308e-03
-3.065517477395801049e-01	-8.558183802918343380e-03	8.427962887732998870e-03
-1.890213597828072078e-01	1.104803455377808413e-02	1.876718054288678680e-03
-1.978160877497020520e-01	-7.559576496729399292e-04	-4.321910465047438914e-03
-1.971752439257743739e-01	-2.586298295360234863e-03	-1.532239698146857726e-03
-1.562852542752667662e-01	-2.703178383034264120e-03	3.391498708509651724e-03
-2.872823435832202454e-01	2.556975735267998356e-03	-9.833493396949779045e-03
-1.330442124579011565e-01	5.375115334760577736e-04	1.821165251747002459e-05
-2.796083719838562409e-01	8.461043169322297842e-04	4.080725315428346094e-03
-2.318080795477099887e-01	7.725123718015021110e-03	-5.124280271752184278e-03
-1.472591528979325382e-01	-1.986411297499282580e-03	-3.489298043176026175e-03
-4.083974659593974516e-02	3.311406510465217216e-03	-1.414781585956576861e-02
-1.210372260375164738e-01	3.739897078449322832e-03	-1.298941096366062163e-02
-2.566286283562937975e-01	-4.014130062275612730e-05	-7.699209967777199352e-04
-1.316586824360959640e-01	-4.551367023296146327e-04	7.601218879702237134e-04
-3.248324313517312323e-01	-2.985646988367100189e-03	1.814543904080780567e-03
-3.108622436020088142e-01	2.525568097730617172e-03	-7.966355357069318174e-03
-2.693102450111047874e-01	7.583413877905060066e-03	-9.140946595781389988e-03
-1.050169453835593930e-01	3.752324105046475557e-04	8.098996059708941583e-03
-2.423469651429770444e-01	9.893899057535562522e-03	-7.310041359845966154e-03
-2.647504947374729189e-01	3.050754888085295980e-03	-9.718006496157283181e-03
-1.348336447744298283e-01	5.022749840296590954e-03	-3.212964984841473574e-03
-1.586033559475837351e-01	4.357507157173077551e-03	-1.105523726149729158e-02
-2.108001159303304062e-01	-5.256145912020670184e-03	2.639124883085212665e-03
-1.432089116998098710e-01	-2.316639555861348381e-03	2.252065874382433788e-03
-1.406749766748429664e-01	3.153627541325166542e-03	-8.274462706255647504e-03
-8.154847829011174776e-02	-7.992158866926970607e-04	1.157918231505849398e-03
1.162851937372293976e-01	1.357237204954513067e-03	-8.143863814686421940e-03
-6.075204346086526819e-02	-2.311604515105959495e-04	-5.174536923465966436e-03
-3.035655431383921590e-02	-4.576566227789293081e-04	-1.283647412831809709e-03
-3.008700925183187547e-01	6.838633365368830888e-03	-4.487773497104851662e-03
-2.230344147299308522e-01	-2.192530060530907803e-03	1.934670188710077663e-04
-3.004669813780729282e-01	-2.178434873141565919e-03	-7.795603907710602770e-03
-2.537852121369760239e-01	-5.846160180604403379e-04	-8.458386212435761720e-03
3.621414753604124820e-02	-2.681505705145607096e-03	3.223386269481177784e-03
-2.115318383921258039e-01	-6.431612792934440076e-03	-8.241167095610280741e-03
-1.099238350338729853e-01	5.810918128427648710e-03	-8.817656150528511635e-03
-1.269174625295662051e-01	-3.026812935912960665e-03	2.616290781705665216e-04
-2.450043474207156402e-01	1.962709136910301220e-03	-5.818754414908226466e-03
-1.591558414909744201e-01	-1.307229708787260739e-04	-3.165516473993330209e-04
-1.277026988619141268e-01	-1.933070216766562873e-03	1.761778999065192206e-03
-1.581016761679856775e-01	-1.930214935542253450e-03	7.831933918453048982e-03
-3.124504496865441183e-01	-1.629458839885334753e-03	-4.093814312307771965e-03
-1.713632016184624129e-01	-2.336341850345053511e-03	4.078470900933249717e-03
-1.493886116344824710e-01	3.039562255598506329e-03	-9.452427112340370738e-03
-1.745664226512587125e-01	3.071867886395375329e-03	-1.052027322584515607e-03
-2.148215499936752260e-01	7.752298289059143289e-03	-1.285803255443129095e-02
-1.142015652239897899e-01	-1.745464888669076434e-03	-2.791750603923268993e-03
-1.888423085408825752e-01	6.659399498427448494e-03	1.199807906615097015e-02
-8.382596329522722101e-02	-4.152876756877423373e-03	4.921963294204999458e-03
-1.636959960752379373e-01	4.323684296157699440e-03	-9.582635943405309539e-03
-1.159785107319664249e-01	-3.892794393001953665e-04	-1.210789740909817315e-03
-7.421570497578970638e-02	1.589626101255054921e-02	-2.112367395780873330e-03
-4.799686927135146663e-02	-1.956061329239794106e-03	1.598453661803117412e-03
-1.025561274341816875e-01	-7.772474340913351938e-03	1.000689629305559145e-02
-2.499345619966499843e-01	4.671923850906888054e-03	4.732183743107520012e-03
4.601530704966239060e-02	-3.988406387245188069e-03	-1.698800198553351371e-03
4.060148907707251953e-02	4.209371419133548994e-03	-1.301158382096443637e-03
1.430265022775472072e-01	-1.586461132533945571e-03	7.394996538449365858e-03
-1.552309905742080103e-02	2.828997469292324381e-03	-1.108422790437272633e-02
-3.415615087568708574e-01	3.533606771541138603e-03	-1.021333867540965938e-02
-1.275545901049719155e-01	-9.946507081965925631e-03	7.346976507006245868e-03
1.419205331791362386e-02	-8.290627535568998938e-03	6.741431382492597477e-03
-1.447925368090555998e-01	-2.403404966331320995e-03	1.388168166711570501e-03
-1.581907927226934296e-01	2.654173172751478609e-03	-5.184250908306493009e-03
-6.286194854970425516e-02	-6.118971863082561758e-04	-4.474989425173114127e-03
5.701205512679946227e-03	-1.215550856246947831e-03	1.293112167416229658e-03
-1.587140721966243118e-01	7.735216605032757022e-03	8.458967497928860865e-03
-6.554473999212549751e-02	3.403061540385910909e-04	-1.006653117690414073e-02
-1.956375448284503483e-03	-1.499616288766592075e-03	-4.952914659228828745e-03
-3.253017709207856600e-01	8.057373597017462863e-03	-7.476608123845089604e-03
-2.723231442803348834e-01	-3.734982940998797518e-04	-3.977934763001977382e-03
-7.836939436734870201e-02	-1.043981652800904728e-02	7.902609040431315957e-03
-1.021207696956566574e-01	-1.082915026782451089e-03	-5.786450689754756189e-03
-1.174333943861813750e-01	1.113034439562842447e-03	-7.676336498700153839e-03
-1.115584211531824854e-01	-3.943071168533084873e-04	-5.580488945652617612e-03
-1.483031596744122660e-01	5.062525022844357493e-03	-1.444004953541062029e-02
-2.623212198124764138e-01	-4.625097618590223204e-03	-1.006468511025589499e-02
-1.411680974384731391e-01	5.025539011780211229e-03	-1.337955563272345307e-02
-1.084404212374624893e-01	1.988866502750526264e-03	-4.215007657806497422e-03
-1.090117046574670262e-01	-9.115034554857539629e-04	-8.017985822684073685e-03
-1.953668958528609889e-01	-6.040110881165728501e-03	8.889552246278822206e-03
-2.842771983621381615e-01	6.203621079952289022e-03	-1.098242892529580940e-02
-3.953541441460616673e-02	1.834649115215841036e-03	-7.293213831823761560e-03
-1.742779710308430818e-01	-8.205394081622522512e-03	7.418529036243868245e-03
3.791777504089840489e-01	8.565572355810789282e-04	-1.173170327017168625e-03
-2.166994356867036065e-01	2.986315638010327532e-03	-1.101635590795428318e-02
-8.554238820334436610e-02	-5.653697842265019077e-03	-1.239725454044084347e-03
-2.301558473258338011e-01	8.478851692470827997e-03	9.257518077082571779e-05
-1.212057984080559120e-01	2.264148125546241921e-03	3.846594865846399841e-03
1.485562420209415521e-02	-4.354838748187057212e-03	3.642098059215642235e-03
-2.054740627423412569e-01	4.389518272217215154e-03	-1.116568889549916788e-02
-1.245539852309045931e-01	2.958517185833341254e-03	-5.945280093295301875e-03
-1.417132834538431807e-01	-1.215606504192464493e-02	4.371692853850738317e-03
-1.361295071361225961e-01	2.336590350827479848e-03	-1.316232797127560999e-02
-8.570240497836444094e-02	-1.388761155078142894e-03	-3.582212254696661314e-03
-8.772407873250136212e-02	-5.910388724560850481e-03	4.915804490177148184e-03
-1.512566754044163408e-01	1.604287293040023376e-04	-3.516683449154146650e-03
-1.292012092108168198e-01	8.141414416470028198e-03	-1.649704488103947769e-03
-2.967462228712579655e-02	-6.908720421303377740e-03	3.723564429782594450e-03
-3.532342560905907258e-02	-6.089851223850907720e-03	2.363722894166039347e-03
-8.983232348341024798e-02	1.848610742813032318e-03	-6.681120241126237494e-03
-6.797808004560401685e-02	-3.974242420643255154e-04	-1.864038010406833317e-03
-1.070932825270643346e-01	1.048903350088913706e-03	-7.536876109127764629e-03
-2.579840909027077966e-01	3.514253258406092265e-03	-1.531447296484597306e-03
8.994322886694901265e-02	1.614669112892500253e-03	-7.092134790825650563e-03
-9.029058007086593340e-02	7.165921309603965304e-03	-9.363799357822159830e-03
3.127733646052494043e-02	-2.258388613708380279e-05	-4.316351070713780706e-03
-3.447225400126326111e-02	-2.000108793646106740e-03	9.294276496303030327e-04
-1.318719943141939965e-01	-2.544394476048530192e-03	5.675958482642488520e-03
-1.973437508718895450e-01	1.465286476984704878e-03	-1.746724135995093505e-03
-1.255573183703308400e-02	1.339679167497834699e-03	-5.936106982280994412e-03
-2.434135623647078750e-01	4.270049191570253304e-03	-1.224635714869112303e-02
-2.282056119097786995e-01	9.020480610363808965e-03	-3.651013512922953071e-03
-3.155479142484240995e-01	1.219827920604181146e-02	-5.219213004561870303e-03
-2.617626707672389696e-01	1.029215187836325304e-02	-7.436346693188246315e-03
-2.106714878707457439e-01	2.187642540343003907e-03	-9.238174308924820225e-04
-6.248991220181975004e-02	-3.673131765577153374e-03	-1.524097885235719011e-04
-4.324969957323347887e-03	-4.652985706402349916e-03	2.837757714897517700e-03
-2.241985144523107598e-01	3.000650568100522025e-03	-4.135502469726697744e-03
5.615961739859653967e-02	1.096898005989557822e-03	-6.709330216552573944e-03
1.020763989867124466e-01	-6.733684903800929043e-04	-7.027922235980560211e-04
-1.486743603865439689e-01	7.077086398807948264e-03	-1.898267038999405679e-04
-1.629912858570629619e-01	1.154165056474825649e-03	-6.513164129554912044e-03
-1.550899768414152613e-01	-4.249600141960076585e-03	1.982981980925884336e-03
1.041704765422903356e-01	5.059354285155597333e-03	-8.937103929585176257e-03
-1.591461813820234938e-01	9.593168799982549992e-05	3.190327551108068649e-03
-2.149414626004788331e-01	1.138399242424109961e-02	6.605213419427762890e-03
-1.315172570051636458e-01	-5.465822297042051935e-04	-4.914820891124673484e-03
4.544352669783208176e-02	-5.350895607366379890e-03	1.868077999422381764e-03
-1.378422790675687404e-01	-2.672463340411180936e-03	2.868601518654546531e-03
-9.551851513550398479e-03	2.087082640306376583e-03	-4.269233397969317105e-03
-1.420309735893582337e-01	-2.243505644692069933e-03	5.712409733196299570e-03
-6.174841667023207165e-02	-3.394463030454585376e-03	-6.968625775188590395e-04
-1.384686058710165313e-01	-5.477519278380999813e-03	3.975544469918275425e-03
5.886095487848554825e-02	9.755190986383398960e-03	-9.721528951917867561e-03
-1.420396378193487519e-01	1.596441031913027706e-04	-7.088882792835228368e-03
-2.514483808579191099e-02	1.604571930618733282e-03	-6.857565289925161497e-03
-1.455562818232475873e-02	-3.419782868555297246e-03	2.763161259099632897e-03
-4.649545703443822703e-02	7.653098185909681418e-03	-6.749989262774866612e-03
-1.680897475079438375e-01	6.990415253027320490e-04	-3.923441843064538921e-03
3.832732797967517563e-02	-4.414948808612772146e-05	-4.328172616912764718e-03
-1.735347718980496667e-01	-1.509631420906907466e-04	-3.981823575198763406e-03
-1.712696617789688236e-01	-5.750052899282265262e-03	7.685543231993692027e-03
-1.438892869398742391e-01	1.647592733262710557e-03	-2.641239576116662709e-03
-9.050751682112065377e-02	-5.541004689678148340e-03	9.257239534937898237e-04
-2.078570477751124079e-01	-1.590274394973584466e-03	-3.256978427865592999e-03
3.455985089751489187e-02	-8.122689045798023354e-04	2.851413167806343598e-03
1.729667124450227356e-01	-1.124921681225929046e-02	1.135953743821936819e-02
-8.233536387545638269e-02	2.277204670118813425e-03	-1.054656925037657407e-02
4.064035188757788436e-02	-3.963691873707022618e-03	-1.094901741788018284e-03
1.326049767190745328e-03	1.473456161490529701e-02	9.251810570642733655e-03
-1.511646691829694744e-01	1.256241604573770992e-03	-5.495866973989227237e-03
1.114105279816436991e-02	1.719438478550534269e-03	-2.125059351996951441e-03
2.370864868079304924e-02	-4.440820433578073021e-04	-5.167646392867131754e-03
-1.337449149175657104e-01	-2.922920464707460305e-03	1.429320568453994796e-03
5.790896113074210649e-02	-1.318548000490768891e-04	-6.183814474576767792e-03
1.133655811736103275e-01	2.402652334513490171e-03	1.195423941997350928e-02
4.829075903004279718e-02	-4.730686588284354829e-03	1.174582347092217871e-02
1.429935679240160462e-01	3.582494696800094490e-03	-1.185156430867191114e-02
-1.377393163074897564e-01	1.071222382744752705e-03	2.939479553422248183e-03
-1.072893921960217517e-01	3.012783367205677972e-03	-3.726827992150282768e-03
-1.440711401558812665e-01	1.713080335368352518e-03	-4.895413550438891016e-03
-1.090868692639704041e-01	-8.143198380428873446e-04	-6.639736051614416983e-03
2.133307290527716032e-02	-2.199103677336887528e-03	-6.706411484039605665e-05
-2.197599128780130043e-02	-3.911350211844073603e-03	1.140563687672434441e-02
7.593213910304388858e-02	-2.875908779009235527e-03	1.607656091318711115e-03
-1.562474899444125931e-02	2.227697856380188280e-04	-5.384821609754698911e-04
-9.674343558358558526e-02	-7.569187005180525937e-03	5.510447816867414771e-03
-6.833669253966875856e-02	2.864027462688155693e-04	-3.451933221768685358e-03
-8.619943644538715505e-03	-7.752429011722981878e-03	3.367276325066489995e-03
2.768659137096820058e-02	5.896821824693259002e-03	-8.368197672671436743e-03
-5.309502199852507431e-02	-2.296365052526172078e-03	4.109848090983169062e-03
-3.767093726728854702e-02	3.005653338217241163e-02	5.338546159122298240e-03
1.180841739715478844e-01	-5.519822877515888696e-03	5.328384771289161256e-03
-4.935518793259838916e-02	4.455874341978203861e-04	-5.288397505584659444e-03
4.815064455498264950e-02	5.485469718140361176e-03	4.018891067886356389e-03
1.700358730559302194e-03	2.365289938080032510e-03	-3.788532319888706507e-03
-6.636211277049354484e-02	1.663778065527752367e-03	-3.860746227815955306e-03
-6.256662881749246174e-02	1.719675733750346876e-03	-1.782233602986616622e-03
8.643800920728272885e-02	-3.435234860775118835e-03	2.183659090787437151e-03
-3.002171534261803554e-02	1.290506592949731057e-03	-5.203898696402492301e-03
8.155589661637112353e-02	1.827789414517910251e-03	-3.249498376675753926e-03
2.245031034401210046e-01	-9.623343929918913272e-05	3.544009530795549749e-03
-7.479641042477774837e-02	-4.970769026743647109e-03	8.587193960217722952e-03
1.149119248858810061e-01	1.703671429291155493e-03	-9.869097159627106958e-03
-1.721065517684995105e-01	5.556537653910830279e-03	2.338883754746755479e-03
-1.890644893282444200e-02	-5.548141333778089509e-04	4.354846254942174900e-03
7.804675137848390842e-02	-3.433886452243062153e-03	2.103323121098185991e-03
-2.175059654092900141e-01	1.740966925318902705e-03	-4.274494411340007405e-03
-9.873894834031846091e-02	-1.717336217835921689e-03	-1.296861791276051256e-03
-1.767267795497575031e-03	-4.691240227468290030e-03	1.106905482357690941e-03
6.195059934323864960e-03	-1.674196157014986057e-03	4.791220370524055887e-04
-6.475025805873600715e-02	1.768026411001723339e-03	-4.389670992236639237e-03
1.668090665581876131e-01	-4.241946685626024616e-03	-1.340548062671287864e-03
8.100697017118725640e-02	-2.806585456049908670e-03	6.373213805070119913e-03
-7.624990620325798607e-02	-2.502993307339961872e-03	1.703300370150918419e-03
1.153988494194903153e-01	-3.101243666702079450e-03	3.643527181836034214e-03
-1.001868793429380178e-01	1.042516615679382232e-02	-9.342389101806417018e-03
1.028555384658286082e-01	-4.533417126339996713e-04	1.098423644284583865e-03
-6.980866867333741788e-02	2.304152209681794346e-03	-1.106247869579058719e-02
1.090968086173983304e-01	5.077911833788112395e-03	2.328104891099430033e-03
1.291998038478540077e-02	1.154902933427587493e-02	-9.041515703848090023e-04
2.956165227597120082e-01	5.741965801559428123e-03	-2.583405831623846599e-03
-8.123050155941875794e-02	1.128668680526018729e-02	1.266127381109404589e-03
1.014567934786388959e-01	1.125925246712271982e-03	-2.158771328699946902e-03
-9.343742970284873647e-03	4.686069782367859905e-03	-3.136990736133054344e-03
-9.245802631424339044e-03	7.882705436873585752e-04	-3.480391341492792157e-03
6.570132064573455666e-02	-6.222649727124890916e-04	-4.045272066702970334e-03
8.891998465722109057e-02	1.836056867312176695e-03	8.350392165290434869e-04
-1.260242940393347571e-03	4.979138080859271676e-04	-1.602036211391481618e-03
-1.972945216459076265e-02	-1.517444220582935118e-03	3.907980924410506610e-03
-9.342124270540826114e-02	3.135912117655617268e-03	-6.920845812521390136e-04
2.515575348594228586e-02	1.785660707628227610e-03	2.228453523378923673e-04
6.250933166414512909e-02	2.117139800774008387e-03	-2.100069358283687421e-03
7.949413300200243448e-02	-3.035414700417230459e-03	7.584140388981907947e-03
-1.680835240593651081e-01	2.023651555348349347e-03	-9.423849429929140667e-03
-8.050662834107773225e-02	1.783135763365037776e-03	-6.209644827790850898e-03
1.328804166076331429e-02	-2.615408725262639267e-05	-4.535399551436075476e-03
1.052885269656848727e-01	-8.026641703046457146e-03	7.318388047347225422e-03
-1.016993478133989062e-02	1.683246410851986117e-03	-2.200224855877253808e-03
-6.963323484046747558e-03	-8.005652090963693429e-03	6.218289510637340679e-03
-1.155957487454620791e-01	-4.130709317458952558e-04	-2.070176546345972330e-03
-4.392994944799460261e-02	-2.490094094059554404e-04	-1.318831498964741504e-04
1.076131875004847187e-02	-3.563820347219566779e-04	-5.687665254598062853e-03
6.695452412624000593e-02	2.280757104444283093e-03	-4.409850326749059982e-03
9.198661353551364217e-02	-4.346164320300910378e-03	2.607958001530139361e-03
7.084052680531234547e-02	1.097655372256768061e-03	-1.839501064292798629e-03
7.702150624776017696e-02	-9.062051390951223167e-05	-3.976311693780676740e-03
4.215142979055812311e-02	4.470735774334406477e-03	3.638421356916698209e-03
1.268654806553485281e-01	5.844682012616726589e-03	-8.179996451175744476e-03
-7.172247879560281203e-02	1.005532097651576362e-02	-5.199403695641978060e-03
-6.979792247308798381e-02	-4.572769012501991487e-04	-1.698583350575289972e-03
2.719031636320738080e-03	4.223453649430675312e-03	-8.848342005718207517e-03
1.152655540422586611e-01	2.473071154643726073e-03	-3.129123064440761902e-03
1.932699487577027864e-01	-3.387006099367791904e-03	4.485694114188040239e-03
-1.391877310642148646e-01	1.296727008790674561e-02	-3.622075693265146669e-04
3.944414892793764865e-02	-8.181173753451794579e-04	5.533913799226935397e-04
2.687395717217044289e-01	-1.421900896809702702e-03	7.930092427718721249e-03
1.852415219724441731e-01	1.655197202623510380e-03	-6.808109960949558330e-03
-6.341526260176090848e-03	8.260184677169377489e-04	-1.832655424527530842e-03
-5.710375344886037263e-02	-1.208433811711502560e-03	5.787355361048612118e-03
1.559140015265254031e-01	4.107716213241363774e-03	-5.878664714100582944e-03
5.918884986716639596e-02	1.134933346193022245e-03	8.789733277271552167e-03
4.178399205509971542e-02	-1.391056003361228720e-03	-1.025193748489760170e-03
1.305082504709225988e-01	3.646820826249903835e-03	-9.684961729511809211e-03
1.563119579862269348e-01	1.397157639969475200e-03	-7.043880673484304543e-03
-7.549435227953613103e-02	2.143841100478890028e-03	-3.407431965592236638e-03
1.065168703059926752e-01	1.604268054414054265e-03	-7.233805289732923903e-04
8.365521943708476016e-02	1.023653862022148777e-03	-4.611155222944760337e-03
2.026977539389017979e-01	-5.396323703222943163e-03	1.172478354146983676e-03
9.354566312913970005e-02	1.385372189141608574e-03	-9.107369690511768565e-04
1.330352251002695219e-01	-5.787124340448042414e-03	1.927571761479592374e-03
7.364896143708184184e-02	5.665313873693134930e-04	-9.827366568383066880e-03
1.091291022580521825e-01	2.254735788327776221e-03	-4.532258466263865138e-03
-3.523333952055240220e-02	-2.168297539138940543e-03	8.525670474670912768e-04
1.483486698121976033e-01	2.816480551268407771e-03	-7.538870057163588566e-03
1.210260314230332673e-01	-5.897402328959109458e-03	6.589879688352062725e-03
-6.728391746356734981e-02	2.111785303298274654e-03	-8.929127049291524232e-03
2.080876322478707741e-01	-3.897199619328944094e-03	1.023540830213681739e-03
1.084318459526055767e-01	1.965129063942944176e-03	-4.034416080961159522e-03
1.805299241894873230e-01	2.560927899567504856e-03	2.772458582751505252e-03
1.943187322061578626e-01	-2.187115652022485375e-03	1.137208305061880337e-04
2.217082037315033505e-01	1.066088853367762497e-03	-4.954236270911658441e-03
1.060887681159037726e-01	-8.360560791117338259e-04	1.184532765841086153e-03
7.970806476518169092e-02	4.865249337096914060e-03	-7.711717237754746324e-04
1.275838767892340520e-01	3.330697190473651801e-04	-4.795973869969308648e-03
1.716750154339268530e-01	2.026158920019133919e-03	-5.702198905615283621e-03
1.472988447258821998e-01	-5.332087055510952717e-03	7.855498822981036439e-03
1.866786968667562621e-02	6.622561052913032362e-03	-2.436214127617256520e-03
8.894739687068464740e-02	6.631838367960458903e-04	-7.556697281703982430e-03
2.058410720384763054e-02	-2.493274931350529435e-03	2.842841620183386882e-03
2.233152092344674045e-01	-3.848607425299109281e-04	-3.181178677521287988e-03
-3.585160454294846616e-02	4.100694923826382794e-03	-8.428242745427090565e-03
1.049900205251888541e-01	1.505691665637476047e-04	6.716692375809170260e-04
3.552147253643627711e-01	-3.509480336395387392e-03	7.885520607750286541e-04
-6.246521426069667066e-02	-3.112879038995874925e-03	-3.148233626393169386e-03
2.042924491943718390e-01	3.339489572807595799e-03	4.960023900209178504e-04
-1.298449533931734790e-01	1.092432191018140666e-02	-3.574342836419955750e-03
4.959954943747141992e-02	-9.714564270090124496e-04	-3.201467359017136707e-03
3.859814841791825990e-01	-5.378740320584174568e-03	4.467503434596657545e-03
9.566200740613405029e-02	1.987664566277653772e-03	2.649934298817525387e-05
1.556740792934235840e-01	6.602675924442643653e-03	-2.527730433275534108e-03
1.908591956336841144e-01	-2.296268437049562086e-03	6.585861153032961449e-03
2.028549838396120630e-01	-1.753639537869204016e-03	-1.439928119057552486e-03
1.963718329695248732e-01	-2.788189865819743971e-03	5.300251463864535939e-03
1.453732362945037992e-01	-2.315565622457646956e-03	4.484050424843860454e-03
1.198987213614266523e-02	1.371872595772221379e-03	-3.603188250119655246e-04
2.868069310313760625e-02	-1.698882099395036989e-03	-1.941671823571764453e-03
2.401919128042330209e-01	-4.693211425530165876e-03	5.007395670441760691e-03
1.660734155602630324e-01	3.480618672667271703e-03	-5.037809477230450333e-03
1.588003759215922683e-01	1.507822522307964374e-04	-5.450881416037306471e-03
1.022249886793445001e-01	-8.027863478884309477e-04	-5.525664890191954665e-04
1.044962412576820598e-01	1.178606524441861043e-03	-7.677644157785524191e-03
6.852863559247276970e-02	1.057673352120635027e-03	-1.647586461834421980e-03
1.083968983472608089e-01	-7.986325525929547590e-04	-2.693307304662959176e-03
1.676316836808609823e-01	-4.955767560826447593e-03	1.473546845061354934e-03
7.261770288841686016e-02	2.014555131521502361e-03	-4.892110349971114450e-03
1.623340555457482640e-02	1.868617571198177233e-03	-1.180929195256299850e-02
-2.140940415162637112e-02	1.764981337412576713e-03	-7.665318303876839448e-03
1.362141674464517893e-01	-3.161323687889183720e-03	-1.814623998883600851e-03
2.074314231071522074e-01	-4.638268982053049203e-03	1.485887282933023336e-03
5.512150475343363665e-02	-2.630891318002351233e-03	2.695763932710495102e-03
8.695406614268852419e-02	3.161021340884090022e-03	-1.007545467520922985e-02
1.148819516751713871e-01	-9.564755882172553195e-03	1.147046607057723711e-02
1.358909493727573636e-01	-6.208813315380448412e-04	2.279695237612423646e-03
7.861013532834201789e-02	7.883984790135269843e-03	-1.464822714252528172e-03
8.192062730270403825e-02	2.096394527199783517e-03	-4.999071829242262427e-03
1.490445018487035478e-01	-1.839727981992090493e-03	1.297896414806872000e-03
6.953274945196373513e-02	-3.671659083414129197e-03	1.523530736429248465e-03
3.746686086307662311e-01	-2.133170304440063208e-03	2.700102964772873801e-03
1.115983175342810524e-01	-1.940741706187406029e-03	1.361771085948608158e-03
9.420575586193656592e-02	-5.045400428819717814e-03	4.948604630705840529e-03
1.724808204444411019e-01	1.805412083938744356e-03	-5.134070321899102118e-03
6.665913008804681683e-02	5.088091968290110734e-03	-8.482320823013828753e-03
1.537830188167659540e-01	2.206204400211018643e-03	6.630025522036636469e-03
9.746787225573555480e-02	1.528782264056834355e-03	-2.871346245723148307e-03
1.759265562249037740e-01	-2.810552913777300370e-03	3.452105790927581692e-03
1.224919261010311150e-01	2.093071797045887791e-03	2.895231426439801286e-03
-4.410177606392863547e-02	3.457672419446044480e-03	-5.803209443017912431e-03
1.010038338618056003e-01	5.977094120524484126e-03	-4.860847179604230531e-03
6.372240349329677533e-02	4.578162666071691062e-03	-1.439375869391232299e-03
1.294760340068068782e-01	-2.566108972928880794e-03	1.789699401865581891e-03
3.140775085436146585e-01	2.122190187553254972e-03	-5.034829372858206330e-03
1.433503156050254523e-01	6.059536574522110357e-03	-5.320914487095590797e-03
1.404195194264433177e-01	3.288432073606150567e-04	-5.593323701273489670e-04
7.149413350364508535e-02	1.554210781013866090e-03	2.248676111151267677e-03
3.818967033150955093e-01	-2.975765557323920094e-03	2.552066575856877777e-03
3.089957882159705682e-01	-3.259534914839034517e-03	1.168801572488917424e-02
1.987367414635313467e-01	-9.190150445098015748e-04	-2.376115292917964014e-03
2.754987161983641353e-01	-7.654848001640847084e-04	3.883161246580286129e-03
1.843919124463500037e-01	-2.345108477442149012e-03	1.196458859333759386e-03
4.764657165210679085e-02	3.065219122229120591e-03	-4.683339615424482981e-03
1.135627626684452551e-01	-6.918687099115665949e-04	-3.074566135112011787e-03
6.670522604996291516e-02	8.573062151183072355e-04	-2.672908946482588366e-03
2.406849835643525837e-01	-2.225949935756942489e-03	-1.972359591364616048e-03
1.937269767080322946e-01	-4.423648278416617528e-04	-4.159109233676801243e-03
2.390251863514230302e-01	-7.425565872548389734e-03	7.805905290800964173e-03
6.759829868252917665e-03	-2.825166379504290455e-03	8.232519997261558047e-04
2.094013215480224899e-01	2.018300351570027646e-03	7.936311964337138501e-04
1.139540867929328127e-01	6.908953113917100158e-04	-4.698434972529133211e-03
9.311911318676169280e-02	1.823886394881798741e-03	-1.267368006622944217e-03
1.567591539369918296e-01	2.062788673272163142e-03	-7.082021938958741464e-03
1.082045689272624067e-01	-1.989787713080537999e-03	2.979335981165947265e-04
3.989071897693612784e-02	5.738575863859417476e-04	-2.973620439886577420e-03
6.295955729585203664e-02	-3.774189914928503461e-03	1.785956537652729631e-03
2.954941469989317837e-01	7.262613846643340733e-03	1.186089063926485830e-03
2.820459669694163618e-01	6.673452591144895044e-03	-1.103796467213401852e-03
4.151192957727699029e-01	-2.795027661423184727e-03	2.387478813353905664e-03
1.984363203291957256e-01	-5.716467984258904881e-04	-1.647941515903119801e-04
2.325891406843773324e-01	4.427069379813733038e-03	1.057009437145176641e-03
2.070151935344892793e-02	1.217088888815376401e-03	-2.891353574119026777e-03
3.274229734408176662e-01	1.354325603472255213e-03	4.038187354704879124e-04
2.408519434755908295e-01	-8.484612612501360129e-06	-2.515229470863414134e-03
1.144199255732224196e-01	5.232704720459532832e-02	1.766817187973590900e-02
1.772519156757187409e-01	1.588708464635861777e-03	-4.269601309677518476e-03
2.706385211905219523e-01	7.301671177062108711e-04	9.514505390217393044e-04
1.737864373206221280e-01	6.024495701933597555e-03	2.405446662278486712e-03
1.969658081652193304e-01	3.288538354151439216e-03	8.879389533938018483e-03
1.782059466696084560e-01	-2.661347667077028269e-03	-3.034798209915680225e-04
8.276440521558454944e-02	8.685488636339121910e-03	-6.588698718712467615e-03
1.658819045325775343e-01	2.614900274659755740e-03	-6.437879690658947218e-03
2.332888514869827512e-01	4.551275607711328117e-04	1.081404408322698138e-03
2.867306504068159456e-01	-3.682063356884657853e-03	5.240167974859793153e-03
3.470203086662908276e-02	-9.509807133469599851e-04	1.221982823820969650e-04
2.428973022099384718e-02	-4.123680831365767038e-04	-2.639880775044211366e-03
2.154212444077489574e-01	3.739527362270924932e-03	-6.480778050378728505e-03
1.574278423843251395e-01	4.124911603909945041e-04	-4.607935450137856312e-03
2.748028529717203017e-01	-3.320938609452654417e-03	-2.361068811499658724e-03
1.453633385570750058e-01	1.866797480124698146e-03	6.208257476413153730e-04
1.898124184187219288e-01	-2.310192746728279879e-03	7.192621222658982785e-04
2.416023992879796078e-01	3.367851626926364386e-03	3.695046221836955605e-04
2.921428068188369198e-01	-2.387982461845574399e-04	4.427046146798548597e-03
1.977694178241883871e-01	4.169061583839088134e-03	7.712522000012825112e-03
2.210594768680220479e-01	3.417107848411638643e-03	1.162450642375850631e-03
1.600419361397444895e-01	2.427705996830148861e-03	-5.976413167412474373e-03
3.398963887227597902e-01	-3.868244656049395214e-03	4.321405811875958340e-03
1.265591805076336958e-02	2.096296643394498366e-03	-6.083083080583229739e-03
1.397418668678166165e-01	2.301267904299693790e-03	-8.159057419030162073e-03
3.044353107525448743e-01	1.316545490521402705e-04	-1.461523889895446774e-03
2.969780016614021467e-01	7.061647983751734910e-04	-2.358596881027666533e-04
4.521081892716375533e-02	4.654259205815406276e-04	-6.612519465663350623e-03
1.726583029978390749e-01	-3.109008519208612212e-03	1.645067476138648748e-03
1.151834705816756760e-01	1.014939237997582004e-03	-6.323292584328467011e-03
-1.953949659744741787e-02	5.767341464986308619e-03	-6.027100257889653721e-03
2.377140098007957114e-01	-1.225130984821805108e-03	2.493358584217443292e-03
2.328105483701453093e-01	1.623892682404795259e-03	-4.354370763565032151e-03
2.243742204764317127e-01	2.220536544784712085e-03	-5.917638322731117242e-03
4.314415805776475321e-01	1.502897688724524677e-03	-3.769325573836318326e-03
1.348583429173486337e-01	-4.661433136740438508e-04	-1.801148076085341181e-03
4.435500602561417288e-02	-6.017822472518418635e-04	-2.591551422748002501e-03
3.030459889705439114e-01	3.402912368442203954e-03	-5.746324051182374014e-03
-9.474787515611085217e-03	3.238925626362521449e-03	-4.248158057446082322e-04
1.009631196971201746e-02	2.439607732930307478e-03	-8.138011511488341815e-03
1.856217499498507006e-01	-2.978613409121387123e-03	1.929369727748981526e-03
1.991571405938237227e-01	-5.289735793180948709e-04	-2.902469344344597944e-03
1.190914201805274436e-01	-1.082571621461050427e-03	-1.211108295836717122e-03
3.815946805316707685e-02	-3.869073186487600210e-04	-1.585316342962271455e-03
3.113914270455743760e-01	-5.396240877299596748e-03	8.250040706709165297e-03
2.388557633746655195e-01	5.243662203309861630e-03	-1.742956208539435652e-03
1.559438671019109102e-01	1.412898297423324789e-03	1.848407457078672048e-03
1.320225022269057580e-01	4.731492825242233392e-03	-2.801945145805566535e-03
2.591642267116668272e-02	4.026645886945956487e-03	-3.090663224482628237e-03
9.441763630179574041e-02	1.661508952727249258e-02	5.012635456430417427e-03
1.814978825890682934e-01	-2.685072487487419508e-03	2.830389702710372959e-03
1.159841418839446664e-01	-4.571588422987555266e-04	6.188928299587105998e-04
2.634616155959472739e-01	-4.350293775083199449e-05	3.517204355802921859e-04
2.860155572380150280e-01	-5.704902375769514873e-04	1.915749269108349114e-03
2.970798812661527011e-01	-1.109908218563374809e-03	3.079164469657130147e-04
3.317815354791066040e-01	-1.864155172779111266e-03	2.521957703331580494e-03
2.743820698609559239e-01	6.196183375872636907e-03	-4.034908874107482821e-03
2.029359663390484236e-01	3.001273900176832862e-03	-5.927485885939415278e-03
1.376224895522827341e-01	6.826653446226304406e-03	3.132246648963986271e-03
1.771291369312831265e-01	3.084950593250619134e-03	-1.547284632007593294e-03
-9.117926146216894651e-03	-3.900293621945184145e-03	-1.386259439049997296e-04
-4.743706455373428860e-02	-4.496105315229425079e-05	-1.388311059233570018e-03
1.022498795986034048e-01	-2.352093685765759695e-03	1.834202736732429891e-03
1.973353613773704551e-01	-3.662031307236393064e-03	1.829918820176052114e-03
1.919492573392413970e-01	4.183020759358339197e-03	-3.686795396305880129e-03
3.490145032823394611e-01	-6.439826395006030546e-04	-1.869071263327245352e-03
2.177721721255746479e-01	3.223834653680119006e-04	-2.359394631119741004e-03
8.106423366158233001e-02	-6.450013299842917089e-04	-2.694287923328948526e-03
3.099168946241396272e-01	5.901893419613153322e-03	8.605772914455089156e-03
2.129537529455830525e-01	1.052280232821436231e-03	-1.967624019080619312e-03
1.815644735700720491e-01	4.214397987065557696e-04	-7.135864262586463216e-04
3.449897917564440086e-01	-1.180028445625794985e-04	2.552642517084314968e-03
2.590492075440757325e-01	-4.211648393259621176e-03	2.925745680028814938e-03
3.432672397704890077e-01	-8.310001755259516622e-04	-1.981044767831066471e-03
2.465991377878201385e-01	1.924162160961183279e-03	-3.678040925538731201e-03
2.600516754075961612e-01	-7.102635185933560153e-04	-2.036431326182356737e-03
-6.289687809867938739e-02	5.982512008419538013e-04	-5.797961118159823853e-03
3.553523861383770521e-01	-7.746336354683840174e-04	9.037168249550053952e-04
2.958075214575227041e-01	1.537987002884969381e-03	-5.818268693605847808e-03
1.597801538114772824e-01	7.515632931556505934e-04	-4.402588567707312397e-03
1.074826462152251860e-01	5.861469101461884044e-04	-4.165812163899496913e-03
3.679462237743673647e-01	6.961187017281220265e-04	-1.781181047583127062e-03
2.883076435749123423e-01	-4.844217018549838694e-04	-2.274713484531758721e-03
1.844354757940016576e-01	-2.274685036868523674e-03	1.736783978148142334e-03
1.618528608991139928e-01	9.287580869364174974e-05	-1.882406319117072924e-03
3.744936053583394209e-01	-4.258492558144469885e-03	4.454154167516378472e-03
3.062835434189480344e-01	-2.465875324939927147e-03	3.922839908639876028e-03
4.217549935904171265e-01	-2.800240320748785018e-03	2.068585403634225391e-03
1.245127025588200625e-01	3.313320663098912825e-03	-8.760603676259465580e-03
3.939360626453880521e-01	2.638680425891141382e-03	-1.028909997825231456e-03
2.342619838191296322e-01	1.636055689533825845e-03	-3.281783206248837809e-03
2.316879341437974305e-01	-5.371253973628598195e-03	5.462563442133286720e-03
4.907440726480023774e-02	9.620062386258775803e-04	-4.053171194303198908e-03
5.797564843771055992e-02	1.963654567845897481e-03	-1.288156980369966568e-03
3.186987285977316842e-01	-2.377996180260069734e-03	3.477685515498650601e-03
5.038399704628855613e-02	-5.322850214099231897e-03	6.325397428046143633e-03
2.019083529949196876e-01	3.230930795715713285e-03	-3.783110103036889469e-03
2.404178523327676342e-01	-3.357239848775446771e-03	7.804942951056418124e-03
1.211730859930469362e-01	6.992407592341219223e-04	-4.799256933399806239e-03
3.508239940006528945e-01	-2.709364502871839352e-03	3.063360171047810679e-03
4.399061889232021572e-01	-7.998954892994425761e-03	7.484751496284196455e-03
4.784905542623562047e-01	-1.044916434554916691e-03	1.386559157083724816e-03
1.555565497855924406e-01	3.394062069966517162e-03	-2.162542657761025704e-03
1.716317703366945224e-01	2.159821775881978973e-04	6.214386275370025955e-04
5.162249813167117951e-01	4.452480587934840007e-04	3.314368058687323492e-03
3.187819036438060416e-01	-1.310073378631629228e-03	4.183721119118457774e-03
4.401803914847412513e-01	5.616794841526397868e-04	-9.591410443376598702e-05
1.170185720827318365e-01	2.381693632115912721e-04	-2.094602983685967413e-03
4.415902459760608356e-01	2.084711484101371345e-03	-5.159905005447940063e-03
2.638345101073723553e-01	-1.639891520941512892e-03	2.635978611101765737e-03
1.638535212692135978e-01	-1.007515541886515754e-03	1.727951683364504663e-03
1.129754807438718700e-01	1.538950846383143559e-03	-2.469595014345602607e-03
1.728942035421439372e-01	2.567135121215887057e-03	-6.398016939350697346e-03
2.349319668158020846e-01	1.871468587300650433e-03	-3.320207412611543823e-03
2.689545227187102872e-01	2.791688853101235122e-03	-3.316682798754310574e-03
3.208113284441683200e-01	-2.540710032265152633e-03	6.605663581487828707e-03
2.990137208048108675e-01	-1.133963274753900172e-03	2.173462818145714074e-03
2.200854466932378739e-01	1.376076494691597096e-03	-7.543499226745493643e-04
4.237333499234547940e-01	-3.354283309455013268e-03	4.512935799623137706e-03
2.288265422529157656e-01	-3.940284833492998205e-03	6.282950646369987735e-03
3.442184504205029194e-01	-4.905594035027640611e-03	3.017808992349825005e-03
3.892857554023075872e-01	3.094216713551319921e-03	-1.905545618842003329e-04
3.344447406724544991e-01	-7.450520834130058400e-04	-1.212554299512327719e-03
3.771595349296215094e-01	2.483562148284952815e-03	-2.240660038801532087e-03
5.136177961674930348e-01	3.864818336316085123e-03	-1.130860666620780736e-03
2.838029920867852773e-01	3.030644709184127095e-03	-2.221220828604339535e-03
3.557703911764278915e-01	3.283902080391951778e-03	-1.259551070939602746e-03
1.719084376775236733e-01	5.291423615805650356e-03	-3.658887844534063332e-03
4.722599319478081314e-01	-1.260517796795868279e-03	8.648474569302707152e-03
4.592145675925847215e-01	-4.514603238711502667e-03	5.166262628946733694e-03
3.907699132807693765e-01	1.959520893185840579e-03	-3.233639364244091877e-03
2.519997667108523354e-01	3.275067503663287721e-03	-1.358109921776245099e-03
3.381316121849451961e-01	-1.782703239042492246e-03	3.570038029599859660e-03
3.541752248723415986e-01	1.224642666634827596e-03	-3.141943152564467042e-03
2.850814856231091987e-01	1.841708947405343690e-03	-4.839277111446439218e-03
3.822424294390421862e-01	-1.528006098326087662e-03	-1.126626235667435583e-03
2.380852067788329918e-01	-1.171277140040877848e-03	-1.652897086966433147e-03
1.994950544377562252e-01	2.275167085719050162e-03	-6.777641231907576523e-03
2.847335818247918593e-01	-2.443808651923460966e-03	-1.652129735487189392e-03
5.204433526929799214e-01	-3.771309722755053755e-03	2.961464931906481260e-03
8.161979620229846411e-02	-4.212440911002466627e-03	1.521468062692160053e-03
3.365740818240570142e-01	7.549310923028628622e-04	-2.655893885889670097e-03
3.726232513331265706e-01	1.520252614789142269e-03	-2.829169499003208847e-03
3.355492106421252285e-01	6.475692898127952558e-04	-4.383435699795462550e-04
4.281062430422926668e-01	-7.408422033069824884e-04	-1.679305803202981199e-03
1.711122760067516901e-01	1.717779010088710040e-03	1.172005834511391133e-05
2.087143974170700689e-01	-1.175263950469119601e-03	2.347690328561581521e-03
1.208347786327839540e-01	4.091962836849101612e-04	5.906254202996605307e-04
3.690659569698090947e-01	-1.460214926886804765e-03	4.844132617759363754e-03
2.915588334162243500e-01	2.990136158745909222e-03	-6.184473496710915681e-03
2.362403951492972332e-01	1.919036028271727022e-03	1.796831545024377445e-03
-4.717100505124449325e-03	6.292718531387225117e-03	-4.600917239328147952e-03
1.905701695489055714e-01	9.897420463511341377e-04	-6.589667826221255915e-03
4.419363146787612107e-01	3.856320321835794446e-03	-9.209659009309910946e-04
3.452027077181298309e-01	-2.294615534272819411e-03	1.244996744916693871e-04
1.567086433258233769e-01	-1.701806084782888978e-03	-3.458691903835916549e-04
3.037702719283317254e-01	-7.304593477720367888e-04	2.442380125548991183e-06
2.023667133786608563e-01	-2.046688742334347704e-03	-6.145323385150966954e-04
3.088195280030938128e-01	-3.463988214838675372e-03	4.138746972411139896e-03
5.125504411268542171e-01	-6.162375300298555654e-04	7.808927650255101079e-04
2.925139228178160744e-01	2.038428698341546326e-04	1.990815569261496394e-03
4.165620770553858931e-01	2.312600960329354825e-03	3.044811915657857828e-03
5.469362059935718445e-01	2.373659657551490873e-03	3.184543933350326896e-03
1.435213649084407794e-01	-7.199920503125691344e-04	-8.938454631462123450e-04
2.992056300954835102e-01	-1.312871935620673345e-03	6.364081958393052584e-04
3.386705377404244377e-01	-2.626948245387675501e-03	4.359350502991925572e-03
3.122041377175871490e-01	-1.572216788894896002e-03	2.719268126994528120e-03
3.193801732601944665e-01	-1.887831318607800703e-03	1.410197225821167941e-03
3.884274127306376889e-01	1.346955160850243655e-03	1.051678808455342937e-03
2.908194992800853251e-01	5.686072786036341399e-04	-3.410872614430821015e-03
2.930110868356936016e-01	2.412180144272868055e-04	-2.460700885445263461e-04
2.835090768278135109e-01	1.882316776724885996e-03	-1.183388404861583990e-03
4.569787083422835461e-01	-7.114040515597554962e-04	1.185633940675307569e-03
3.136760081136329426e-01	5.580747416228997067e-03	3.109908499829448867e-03
5.157264419525402488e-01	-2.667361961638747402e-03	2.400055108690228155e-03
4.107290963099268222e-01	-1.354633285927244390e-03	3.214005679383207924e-03
1.989752541181077639e-01	-1.055031912142985603e-03	1.313962277727102499e-03
3.003378220900457807e-01	-1.293254889399405227e-04	4.423469873662621600e-03
2.813816023259124721e-01	-1.258126459057559796e-03	4.307334912391080369e-05
4.930913364925262332e-01	2.458020226776613543e-03	6.540640334272197504e-04
2.673852910372173097e-01	3.289152622331065852e-04	3.255141069187465351e-04
3.846619943038760980e-01	1.821571271044949850e-03	-2.142509556976835219e-03
4.780222469808937391e-01	-6.338550684964788969e-04	4.139712328472535882e-03
3.664011659971613821e-01	6.567953853493090077e-03	1.728088300694023086e-03
4.023092793394035249e-01	-7.492360543223814664e-04	5.232932185833308845e-03
1.966015546090972566e-01	6.103227612999672855e-03	-2.877492553671880636e-03
4.155960399589845311e-01	3.136012031876725305e-03	4.552961693257783111e-03
4.569425281053683952e-01	-2.422432027920183931e-03	3.240007460471655207e-03
5.568564738690254812e-01	2.457988675884128105e-03	-2.377193903880523915e-03
3.256631609825444418e-01	-4.595545350961606707e-04	7.425523111970834360e-03
3.986362947782026711e-01	9.172886362980456560e-04	-1.194966627622672797e-03
2.736872788615581920e-01	-9.136572947055399303e-04	4.455744088643046226e-03
2.842376534059142812e-01	5.495796041777402559e-03	-8.592948589344459945e-03
4.794270542052116446e-01	-1.776156386582276208e-04	-2.056794677223303287e-03
2.854733878441890749e-01	1.924673980737273736e-03	-1.005228123854613135e-03
2.326867682291745287e-01	-1.235471937556386615e-03	-2.951455570439036249e-03
3.700302387752864575e-01	1.496227813103040774e-03	-2.600155357600735309e-03
4.535657339161236479e-01	-3.386821064234150913e-03	3.764820352559761652e-03
1.634389478688467456e-01	2.341675987872610196e-03	-1.048185394761169805e-03
3.246296034460133262e-01	-1.691769177098805107e-03	2.437444031972436833e-03
2.951736834702040624e-01	-4.065780677614055753e-03	6.692552758522815571e-04
5.025259087791629220e-01	-3.368131602567801981e-03	1.886436819862283981e-03
4.737788321363555766e-01	5.440852960651454580e-03	3.006695266233612614e-03
1.944971394154045574e-01	4.751683349117165334e-03	-6.610234281352521564e-03
5.037709771871259345e-01	-5.174898814233450453e-03	6.539030447126645100e-03
2.299361917715175285e-01	2.926370687116146285e-03	1.250586278531236849e-03
3.219242512059939387e-01	2.378214924202830282e-04	-1.992963275924742195e-03
2.050681868876817193e-01	2.270690807394882844e-03	-2.066364358074395443e-03
3.067496083397430739e-01	-5.247091787312413783e-03	5.383384178570214777e-03
5.349846672388463009e-01	-1.031385990974304683e-03	-2.643527210307864288e-06
5.106657201772950572e-01	4.564726337403247555e-03	-8.623142367654891213e-03
3.991365017493175293e-01	-1.282524186158285999e-03	1.415484400061432172e-03
3.469537097205230292e-01	4.605699069622376865e-03	-5.755870388224685642e-03
3.182726033692744871e-01	1.137526249174104125e-03	-1.833720821082022957e-03
2.585225787047866208e-01	1.318169773208332325e-03	8.986478786010721083e-06
3.602497067057282010e-01	3.277533841870223716e-03	-4.411032878156567055e-03
2.786886020886062409e-01	2.820066205308387457e-04	-3.066854980891230587e-03
3.759323818385940652e-01	-4.335038912035219091e-04	1.114767740560112380e-03
1.216809842481827719e-01	4.347130803452729092e-03	-5.160516758928901902e-03
3.376488811739196683e-01	-1.006189142669990187e-03	-1.214844851769157456e-03
3.264747154114487904e-01	1.362795817476810615e-03	-4.622799376759752221e-03
2.373946952786078757e-01	-1.609221762190555117e-03	4.056622410858401950e-04
3.357873948258480734e-01	6.983147154865423098e-04	4.239989148818776961e-04
3.571354161561879348e-01	1.136098035704886195e-03	-1.772874082555154791e-03
5.912474483082297283e-01	-1.848289351372884703e-03	4.167396867304180158e-03
2.554669797524906638e-01	5.471540085279744418e-04	1.871875668466684624e-03
5.277916179704695843e-01	8.286262827525545452e-03	4.796955758389767101e-03
3.076571154409215580e-01	-4.056310020131299876e-03	2.588024874009426865e-03
4.432948014838718476e-01	-1.341447223861145176e-04	6.841702741285131222e-03
4.297626746090035255e-01	6.178798073574134735e-03	-3.903337285218016952e-03
3.597949662061822873e-01	2.221549985183842672e-03	-4.869041258896629996e-03
3.733358647942211506e-01	-2.048262423358193900e-03	2.585601038287119765e-04
2.906341244466177920e-01	3.214063322207167273e-03	-5.469513945093192574e-03
3.023007572879522487e-01	-7.236550175178235863e-04	1.675716957473560344e-03
3.202170020671363249e-01	2.145105345715445002e-03	-2.855354945934140097e-03
4.779593710446267130e-01	-3.649164563298803099e-05	-4.589402426648863612e-04
4.984122539906529759e-01	9.378259520711904268e-04	-4.193001172908677847e-03
2.528995591548156008e-01	-1.239591636096761646e-04	1.220122964807951764e-03
4.321461425201627571e-01	5.203247857035200007e-04	-2.746231990085465022e-04
3.536454552508650484e-01	1.591676880528448967e-03	-2.977977673905829719e-03
4.525474787726820325e-01	2.228790697017765145e-03	-1.781891920202115969e-03
4.058218815743300789e-01	-1.676669027067920811e-03	-2.067972905858127611e-03
3.836922979594177829e-01	3.605680110257171445e-03	-3.000687865937715776e-03
4.452496807459605521e-01	-1.340276370845634854e-03	8.383241872982238191e-03
4.669380091056828941e-01	-2.055392368974587932e-03	1.205221601534611428e-03
1.905903447986481147e-01	2.961340579436515935e-02	8.953274085967972973e-03
5.451205793846644054e-01	4.981759477889147192e-03	9.689913753408064753e-03
3.253658901639395751e-01	-2.005907985523951859e-03	2.684618628131422036e-03
4.745773026765400804e-01	-1.586813375030354280e-03	2.207707259130298541e-03
2.684276765849178403e-01	1.231702898509433840e-03	-9.119394239650125767e-04
5.120259865744528627e-01	-4.596817939610822420e-04	-1.746306767315161266e-03
3.361680721250453474e-01	2.853089018185104957e-03	3.393347146895966861e-03
3.675278687035148928e-01	2.658133751704915785e-03	-2.690315596607316482e-03
3.080740456746126066e-01	3.899936409530112627e-03	-3.627811513680692049e-03
5.348746667699321167e-01	-3.102641525231763196e-03	4.393935333881912424e-03
2.964022178210701242e-01	-3.874453564647226903e-04	-1.918622940765479226e-03
4.375310988698595804e-01	-2.004040116045954431e-03	5.530789964622194986e-03
3.685417405466688834e-01	-4.526352299596304342e-03	4.287080785195959871e-03
2.644753707291194189e-01	-5.129802712784413453e-04	1.126675797794141320e-04
2.391528751436413081e-01	-1.992237120951059499e-03	-3.566839949135538861e-04
5.472200530756413661e-01	-1.891906540773636864e-03	3.722107784134343934e-03
4.253886999394558277e-01	-1.366054456495874748e-03	3.842374041004246402e-03
4.088668315342658399e-01	4.338016654187490623e-04	-3.891448896203655600e-04
3.575329346680130027e-01	1.860082452819856579e-03	1.156634182586359577e-03
4.371528345735350984e-01	-2.884430165190526082e-03	5.418890199271748399e-03
4.378891208806640623e-01	-1.431387142168014017e-03	5.197376608519965399e-04
4.659524603266300691e-01	-6.841023817696200576e-04	1.518175011207974516e-03
3.158710476916558596e-01	3.202140741972630059e-04	7.534976691976444547e-04
2.152478253795271912e-01	-6.617738812834151078e-04	-1.105039019708327352e-03
4.831893844181734954e-01	1.302726441077414104e-03	6.038710326457164988e-04
5.076433409289450305e-01	1.187810975159992550e-03	4.154121523340822920e-04
5.419346222029093330e-01	-6.866193911949747090e-04	2.931714324400087283e-03
4.793693995754717552e-01	9.179447337176685094e-04	-1.543501192823376535e-04
3.451945133210808092e-01	-4.071994189616239814e-04	5.396825368434201827e-04
6.627281337998421895e-01	-1.665103643859744409e-03	3.401722989306636864e-03
3.529360349992681223e-01	-5.204067072161242631e-04	1.146963366846862894e-04
4.687984664463135664e-01	-2.105649880207473821e-04	-1.180340854246104618e-03
1.520197127392864389e-01	2.763514258963991862e-04	2.572673385007523839e-03
3.193695006378401424e-01	3.238672018171545163e-03	-2.378308615637599478e-03
2.530841751844281617e-01	-1.314338604014402478e-03	2.072853960453853971e-03
4.935836452783419759e-01	2.560470441813130372e-04	-7.411457166929296325e-04
4.273218019417102109e-01	3.257954583378889005e-03	-1.446946560090240632e-03
4.394220035373319622e-01	-1.653798290990600699e-03	5.479064395561898844e-03
5.451438830523640533e-01	-1.354862931384222614e-05	-2.075971344818005986e-03
1.725799924248650474e-01	3.039933781253863557e-03	-5.852758269113396070e-03
1.722358052783245219e-01	2.256528472992837871e-03	-1.771592616083547678e-03
5.682251357370274869e-01	-2.555484198008738540e-03	3.446989193380776799e-03
4.109619033144248368e-01	-2.107882528826081608e-03	1.225491868432277255e-03
3.014161315496498572e-01	8.155004751140331127e-04	4.735194990895799302e-03
4.668793195800737816e-01	-2.371702070277943459e-03	4.954734684025932819e-03
5.387836061215923733e-01	7.265551041264621578e-04	4.547738959688480548e-03
4.459487405877799460e-01	8.708317185025599638e-05	-7.154329496553609715e-04
2.719344049172732758e-01	8.618753696113999824e-04	-2.612307716384098654e-03
4.257831135702728753e-01	9.511284783592047643e-04	-3.341293473636371397e-03
4.511232038218361828e-01	1.802832676463752724e-03	5.073634632884036670e-04
4.652519269147651904e-01	-1.957815903032794711e-03	1.697515761755709861e-03
5.971848884244584932e-01	-1.798544466653278530e-03	1.560910575231843050e-03
5.892494164448256466e-01	5.665914386885514270e-03	2.900618596629831250e-03
7.492510310722123590e-01	1.892593977111798242e-04	4.249498285379556782e-03
4.003371856979515142e-01	-2.064282662810744840e-03	2.175377373728930221e-03
6.431361698092740165e-01	5.367510442940115175e-05	2.203894060551233377e-03
4.473833355975405657e-01	9.917139458896568477e-03	-2.973775990552032875e-03
4.105265924135557132e-01	3.603909207084599227e-04	1.485819223495434601e-03
3.498403865675366875e-01	-1.442334756542659009e-03	7.882307848836870223e-04
4.732176171894463268e-01	-9.030902549718990103e-04	4.079254955577924120e-03
3.098291248905680195e-01	3.192358860440977757e-03	-5.534729608483511358e-04
1.702705250442642371e-01	-3.113230242212504536e-04	-2.423081438062983130e-03
1.181945738646701383e-01	2.881895583831916175e-03	-3.084692987882944274e-03
4.330970303776494057e-01	4.026440446226596526e-03	-2.883252046068532446e-03
4.538931035304597517e-01	2.440849732912717205e-03	-7.666254045523895801e-04
3.091321600574403750e-01	5.252528048542452407e-04	-1.369851966316880138e-04
5.874586929026968107e-01	1.714507494174046453e-04	-1.944871553862919376e-04
5.173247102386284713e-01	-9.946583092465559241e-04	2.154189090451395002e-03
2.870134449026129353e-01	-2.259825523930453738e-03	-1.068152517145620328e-03
3.389470495876347189e-01	-3.168313444786456982e-04	-1.962248295744695864e-03
4.834681481726658681e-01	-3.802115799191989071e-03	4.274638185185881262e-03
5.910581547179598605e-01	2.768670478899298241e-03	-6.283787600036606653e-04
6.038294161233300761e-01	3.085483298667101009e-03	2.251274740177475133e-04
4.808263062737621052e-01	-2.455231557830359155e-03	2.909151541937896913e-03
5.160472454025005762e-01	-5.907776421442558585e-04	1.218255575985856569e-03
2.560260623058129847e-01	3.145807011095543351e-03	-2.970350134751873362e-03
4.320943588573138427e-01	3.147539904694871080e-04	-7.635961020046039402e-04
5.543469425622427060e-01	4.069863014214113346e-03	4.764290919586662912e-03
4.776255536173937832e-01	2.009343989718414235e-03	-3.329545199565254240e-03
3.735041876795953675e-01	1.010958182918183373e-03	-2.384979424888002564e-03
6.545099669342638871e-01	-8.685857722521036876e-04	5.904136538630074503e-03
4.345920804407187310e-01	5.625618221412230979e-04	-2.334273301236212614e-03
3.389538937990309586e-01	2.224055819236831323e-04	2.174493116935440930e-03
6.764678006971833746e-01	-1.894346147886467110e-04	1.946787328620726938e-03
3.693846293367187839e-01	6.877797106692807097e-04	-1.806603913590420270e-03
4.271132350746857376e-01	-6.404906842657222786e-04	-9.828877821924761511e-04
4.216828298105154138e-01	-1.749852289992014217e-03	-2.098194583382888712e-03
6.217521575346408591e-01	7.411882389694789304e-03	-1.179312909542561995e-03
3.349641635702998443e-01	2.768565323959223338e-03	2.808533715420265774e-03
5.747576975740423810e-01	-6.007881234200376395e-04	-2.052631534408305009e-03
4.503890086089160638e-01	1.154936259219112651e-02	6.871878415044597316e-03
3.569917556666595826e-01	-2.304436454985063498e-03	4.487952240973143154e-04
5.094419721265083245e-01	3.032680462778764366e-03	-4.091168148601392537e-03
6.748182389997054997e-01	1.308138825042458320e-03	5.818787719461665335e-03
4.388541110407457313e-01	-2.693097361253150423e-03	4.479023311302059163e-03
5.344496495158110871e-01	8.357171297167947412e-04	7.567288187525332208e-03
6.086852276354329794e-01	-2.168780569635093795e-03	3.388846881741929516e-03
6.175846667872778584e-01	-1.792756856348010682e-03	2.210047010223421642e-03
3.926176192444520985e-01	2.635142582452162929e-03	-2.442915302376295374e-03
5.694480373611676693e-01	1.554566990054040551e-03	2.470714273621631152e-03
2.593393328962571021e-01	-1.208340690632637255e-03	-1.091264037072031635e-03
6.677490284536505838e-01	-1.554353374473389435e-03	6.864907685887542679e-04
4.710791260818595338e-01	3.245478211500616491e-03	-3.353914110211042056e-03
6.005192645242697358e-01	-2.194567117491116361e-03	7.529515578628817249e-03
4.508897474146109086e-01	1.724323776930566151e-03	-8.674216903753450550e-04
5.725000804303539415e-01	8.770130591265048537e-04	-2.341282099782678299e-03
4.120405307519123261e-01	-1.350124788571899041e-03	-1.351774160541379917e-03
5.429392027002178933e-01	-5.073852065626701345e-04	1.815669366733254665e-03
6.240835074936511573e-01	-3.942630916617716544e-04	1.438653361309971766e-03
5.183833863014404297e-01	2.276416538197348523e-03	8.043123847872660215e-03
6.132183116554580371e-01	-3.997543847101540926e-03	6.159549166036216300e-03
4.616556938762672591e-01	1.495920528241865264e-04	1.687260242931627610e-03
5.234946174740324754e-01	1.925454381228234582e-03	-3.507801662441570843e-03
3.517716981937700216e-01	3.805178771482347721e-04	-2.521181354977433241e-03
6.046770740807404509e-01	-3.513966150304325287e-04	7.181658416295617388e-03
3.783609592030855451e-01	4.541995846714434954e-04	-3.521982877243225434e-03
2.848985596507999096e-01	7.107495547419222064e-04	-9.219166759951943381e-04
6.108433910824563329e-01	1.092419607978680493e-03	-2.367932748986037363e-03
3.067277695075197874e-01	-5.649176998784932258e-04	-1.736536569541390074e-03
3.789549288957005380e-01	1.032070587112048814e-03	-2.498906405633237893e-03
4.754525984651952197e-01	-1.227079117094379012e-04	-7.429146023686836967e-04
3.159408440387718175e-01	-2.662209134433574532e-03	2.470043669299232247e-03
5.864656965139595224e-01	-1.855810596701111103e-03	1.049285146199824227e-03
5.895614633951969941e-01	2.411587706985237473e-03	-4.708708855808480323e-03
5.811360696575196272e-01	-1.628827225674583197e-03	2.231587349163740176e-03
4.062878718826786195e-01	-2.474825859431911863e-03	2.995263992254897784e-03
4.412178369769257369e-01	-3.009337334607496825e-04	1.413439670269248149e-03
5.144726380646842401e-01	-3.153782832931400441e-03	1.886315175160809638e-03
4.319649489723401681e-01	-2.658175529869136015e-03	2.495371500726337698e-03
6.119846115291116551e-01	-2.771077207504755394e-04	-2.695823140775236815e-04
3.880880413164191078e-01	-3.352847513687426308e-03	3.324249645333245649e-03
4.126284233598807583e-01	2.747896389508629883e-03	-4.180921769785230120e-03
5.036785279456014175e-01	9.875939904938450808e-04	-3.404587488461148850e-03
3.538156773017244738e-01	1.209416680533256317e-03	-1.978661861813445742e-03
6.041828185597395429e-01	5.847694527605943812e-03	5.020581733696491238e-03
6.072235842912064863e-01	-2.938283823436777398e-03	-1.821320599186781108e-03
7.615413498652485735e-01	1.994651646122730902e-03	-2.454375177822176214e-03
4.928487784916706915e-01	-1.151547476365092932e-03	-4.605166158140732444e-04
4.058897242026054397e-01	-1.872816995303280352e-03	-1.186721319227426134e-03
2.788400704757951765e-01	3.578072788123672510e-03	-1.816141992382678703e-03
4.491904141411047768e-01	6.457443688822062100e-04	-1.263058207839803807e-03
4.109708038123611740e-01	6.371951290240422238e-04	-7.687409542093845373e-04
4.087871012323629483e-01	-1.404986234353138453e-03	-1.442188041669608583e-03
2.769741307389884666e-01	-2.884036690628216052e-03	3.809143151917531583e-03
3.112235958581978656e-01	-3.302161962076856187e-03	5.032857243247672828e-03
4.788117484195659745e-01	-2.239095919262583129e-03	3.218099933671960799e-03
5.070158345471840189e-01	-4.167717655332446765e-03	5.602166774913313642e-03
2.875425407765658803e-01	1.243246449739599229e-03	-1.138465905414773284e-03
4.776861305942346481e-01	-8.195240411808262957e-04	4.087281510506787677e-04
4.675704756499177162e-01	1.710298179383689830e-03	-3.531100360883908818e-03
6.948213987803382174e-01	8.240887624256731069e-04	-3.990229843196864412e-03
2.859213300428934956e-01	2.520775185752134975e-04	-4.880432433416363540e-04
4.553048092519855206e-01	-1.900088762688457880e-05	-8.539510511785333724e-05
3.047092202219539581e-01	-2.065576052065419641e-03	1.290761089178866844e-03
3.183818402686730553e-01	7.619491452213528930e-04	5.709393445733277868e-04
4.720558571903249456e-01	-3.676370634124034517e-04	1.089077018937750817e-03
5.090848673587259343e-01	1.920747235135090373e-04	1.765434707522008833e-03
