-2.487733724256567580e+00,-8.316215264909757598e-01,-9.567074683332292828e-01
0.8388331863152334,-0.2586944846208999,-0.3014515561036498
-2.163778264692355,-0.8234721001274545,0.3735180578868749
-1.9049418934871811,-0.629905953714836,-1.1072641894239394
-0.8957818521158436,-0.4431536991987468,-0.5151187296449309
-0.15142249296952162,-0.30934562071500465,0.6750919558083596
-0.4769673207889393,-0.4214566806806793,0.05939520520594796
1.9145921252866291,-0.33164534093153786,1.2788259788758214
-3.0293237060176397,-1.0864070385650964,0.06395212866665337
0.907400882590244,-0.21093205165435025,0.2583963773619403
-0.8940888821092196,-0.39625655678534216,-0.4812201428084673
1.3229180356808203,-0.2634371156072995,-0.05533126242232207
3.900428907548191,-0.6583575604260687,-0.17129799003751117
3.7932102663232414,-0.6372606392954228,-0.2107798155724581
-0.44694612505842307,-0.4045884951807828,-0.018522168435142334
-1.5408154743942555,-0.6698279953100814,0.6252563326320261
1.5431546066353523,-0.24611272016632166,-0.11913931999126115
-0.10170593894459687,-0.3504384537534471,0.20427634483777188
-1.7077946775800896,-0.6159259886422787,-0.30163090893282907
-0.09490282280855149,-0.2863797880752524,1.1744206065811145
-0.8796484964807063,-0.426340695161304,-0.04512949341461338
-0.2072914814874242,-0.34366327128276186,1.12457795162271
-0.6215613710599256,-0.4216915419152987,0.8321803899720941
-0.8230323214216962,-0.4227312815785929,0.11111047657037748
0.10932589045332816,-0.2664252579732124,-0.3284686771678262
-1.9200503301051088,-0.611973158938437,-0.5691285174274227
-1.372316937152225,-0.5525865685078986,0.5264288511757652
-0.5640258070720087,-0.4563003065842026,-0.17750779860719623
0.41557902347684555,-0.3241732834702499,-0.09056524760243177
0.7760424959718965,-0.36539436373209117,1.4545824690784372
2.253735956214204,-0.2603339283390291,-0.5263716805280803
-0.3799605842465824,-0.36520733729989,-0.04852350465083496
-2.052980962870579,-0.8451095426614414,0.5646225968438776
1.0441893003340468,-0.2545930963238858,1.2453053456458956
-1.3162437825321815,-0.548405656472326,-0.4622154209414205
-1.6857894043451438,-0.6623780944324649,-0.27215150630911683
-2.149790256527696,-0.7416673907020109,-0.2255771631859197
-1.4881362477692532,-0.5670118511250682,0.04957930400392126
3.271675337753562,-0.3848763593749063,-0.4332241159473392
0.5295314949106359,-0.2776145520678032,0.08789650845907405
0.6107280211900133,-0.21193216735371168,-0.14121903214804685
2.733365985104632,-0.30481737993924496,-0.08694382031023272
1.0961334932771007,-0.2584341698588528,0.2281395209363406
1.3113406623596477,-0.205683328657856,-0.2817962404012725
-1.9115448922366156,-0.660317179876964,0.33801026276871454
1.657820160306611,-0.279233621902012,-0.24255906869883334
2.939551005009362,-0.37136735439373836,0.1576054202286551
-0.10037744478570557,-0.3133227860734477,-0.03603047369870156
0.04217371809878066,-0.28198219318558243,-0.45746894075732
-0.14322805495291593,-0.32868606834957614,0.5428268076440915
0.09082413483340504,-0.29403036568984303,-0.20977061861539642
0.4970849279291135,-0.25655729192975685,-0.06236524251611032
-1.7836625986593884,-0.7319923569079789,-0.3369160551966662
1.7461369023062199,-0.22534460723037694,0.17321517224238392
-2.143300649591082,-0.7972220728422456,0.4629457490673379
-1.4556960176483171,-0.716066547710114,1.2966832480560848
1.9141904161017076,-0.2336320185089433,-0.13836901738919716
0.8515269449674879,-0.21264976852084327,-0.09509301564010272
2.264111758598274,-0.3338783806516631,0.035877992791367316
-0.5801736294427722,-0.40744922516388804,0.1384523623396504
2.07183716498106,-0.21098263625223687,-0.13994226132682855
2.3200241760305484,-0.29396490095513134,0.19420288277386502
0.41341411348525914,-0.28790033749110533,0.5576169496199723
-1.1468053025274003,-0.475562142477646,-0.07964494080786222
-1.8472432042256477,-0.6407490431428623,0.18305283834664626
3.120303855239546,-0.5146021772824199,0.08948320149382809
-0.5381215983591484,-0.35604515905169165,0.17661606990779163
0.906606188755424,-0.18623737436105203,-0.19024820784299454
1.1040143737782322,-0.11363110925739073,-0.15248468018251166
2.6058585583308798,-0.255557380812242,0.1962208470485207
-0.3867326266022032,-0.3438765343506746,-0.02337085555252662
0.12755627805202327,-0.3193342456514531,0.5548201016530777
0.5234913093710831,-0.2681388885838221,0.3253298353523129
3.0936715744703527,-0.33878936627519046,-0.23041146580600544
2.1418177441092423,-0.2640809031307867,0.12327444398096495
0.11185708480337908,-0.2942193642676884,-0.006454232949613775
-0.7575851542159119,-0.533036922862542,-0.2543081518797671
1.6306208201553811,-0.18010838788665187,-0.301276707741906
0.8398025052825343,-0.29992837930987865,-0.14375595829900886
-1.8838609160069824,-0.7351932295452142,-0.08185609823598214
3.6850100400085832,-0.4792273587593196,0.062003886574609264
-0.44091966189137993,-0.31251821369972554,-0.3034410493213261
1.8622854755661844,-0.2810333668578852,-0.16072706865214006
-2.127191321570247,-0.7367005345422764,0.2653066918131618
1.153192669483711,-0.3206748445046855,-0.06239790114717871
2.8993003792593894,-0.4406285126011312,-0.13603163319607914
-0.6353164860740047,-0.4085639194056733,0.2650783504042239
1.0719314619181273,-0.1140629068791662,-0.363620263444832
3.417019537410772,-0.42713902541970855,0.024738710307813022
-0.06347645696829016,-0.4125474166460839,-0.22070494205894864
2.366066666907571,-0.26558512559928105,-0.3478762385859086
0.6381134733637716,-0.23398709758174316,-0.304939601922586
1.1792236736480386,-0.2885997523257223,0.044370079848748044
-0.387870006403745,-0.3292717604360746,0.7072026524824925
-1.6639149174261008,-0.6011478372610405,0.12237732324715588
-0.4250545711374676,-0.4085769275131769,0.6256291662211415
1.8019323988451972,-0.15985828003309593,-0.11000652188913272
1.5295495231673495,-0.12851963036077152,0.02693895750961791
0.7316732491458419,-0.19382571022778894,-0.11262775692734313
0.7614120047120941,-0.3401215570616892,0.40758917359025165
0.06615336514100198,-0.3142943223367225,0.16992746561476524
0.4671354164588008,-0.38928127181556726,-0.1321542559430828
2.614193335525793,-0.38739026132181836,0.11593115503278968
2.1602010996129004,-0.2503847140408598,-0.0453009921628932
0.4400738123174866,-0.28798721292132157,-0.03222345737228724
-0.07517346157770766,-0.2989344128779724,0.07576875580913908
2.871122007966989,-0.3637314643006064,-0.11580827175549704
-1.1545192410032343,-0.44053731400567936,-0.14489152062487004
-0.10323598621810083,-0.20777046466356122,0.3316961023448185
-1.9266050903718457,-0.6783470217274323,-0.16251292333513953
-0.9230909966040824,-0.5105481013330988,0.003016656242621261
1.367579574250837,-0.3069137591277682,0.040741327326096484
0.07516558725188038,-0.32935842303582674,0.08856725649210531
1.935509764332674,-0.36664466095352566,0.027713206928850743
-1.574966866843785,-0.6635751469003388,0.09558958251481385
-0.5541073561197039,-0.4514505499009384,0.07390378927173406
2.025688029219046,-0.33041941829849525,0.21282497545909104
0.5109451839395114,-0.3230795757175752,-0.219412403396752
3.4647364374485115,-0.6085726044229733,0.009870262401806312
-1.5608444548795135,-0.553208032217554,-0.0040892179726826645
0.6297498375116722,-0.28470328716761517,-0.1918140979525778
0.5929558100378232,-0.2815925910319325,-0.09058158115989821
2.1245996465618497,-0.28477645054824147,-0.27533452417835325
0.4010166986447077,-0.294691103642978,-0.004640522733910593
-1.12294635986792,-0.4949739286488705,-0.22561240560189136
-1.6204770592355127,-0.715678705660754,-0.000305510523254902
-0.16804844287597043,-0.380393118468034,-0.21111077293610414
0.403330444915858,-0.28332109485440193,-0.011769493419597718
-1.4256859651391616,-0.561918045212678,-0.016289180197499236
-1.8297150835590736,-0.6247734300212406,0.05651937572153164
0.6076964588882765,-0.2624888323549464,-0.014760801215759628
1.0448299269173855,-0.272472213075442,-0.19584393588970317
-1.3034833779224304,-0.5392224216977056,0.2676256815797541
-0.5315987518973357,-0.367707858214926,-0.0551258203687393
-1.6801210709795373,-0.6221708328148178,-0.23258648722504474
-1.133267985759392,-0.5471958649962433,-0.29662892984456934
0.729831197841471,-0.20902733838999168,-0.1877528114896359
0.17209894830583392,-0.2609906467321984,0.14489667983670929
-0.09184287944199644,-0.3308590782737582,0.07040486335611067
1.0818580639272173,-0.2606944856482246,0.03288446886807408
-0.8899226247932408,-0.34422342432216013,-0.2458648937536093
-0.8041452469857288,-0.5011475327718736,0.10683608313142011
0.9887270822871006,-0.18615387063522182,0.019833297869524195
-0.6234328935263485,-0.3935086084248681,-0.1287290331649981
1.2963136483604425,-0.2875068049222137,0.16451207637607043
1.2973611914435923,-0.21753290671320147,-0.08389392081700794
1.5472815532531947,-0.3537550355533776,0.14586927747627956
2.084934029555133,-0.34103568782850996,-0.016197351634673975
0.463969456944284,-0.3171989716939546,0.09563889743688833
-0.29484329243164153,-0.35755794811768316,-0.05396031758803626
1.343809351992235,-0.2562162906954239,-0.10418353101932644
0.37532355662714717,-0.3635404419857632,0.22621748207877485
1.4717103559257518,-0.11691674181426308,-0.09867496655685197
2.4051309551340982,-0.2559108021390101,-0.10295922522341841
-0.6722246404783025,-0.4910176881914465,0.2320323634369782
0.6621645508738025,-0.36735751391039456,1.0178645763655487
1.2543871804065485,-0.28521604637847525,-0.1415103267998179
0.1332996172429223,-0.356272223272442,0.0892724346874706
-1.568946364869163,-0.5090646813878611,-0.299832580669503
-0.2329134961268021,-0.334002121641128,-0.09688511993277286
-0.8909139062184129,-0.5274523748047146,-0.04789635429952981
-0.2721354797313808,-0.37775589608463456,0.035770746513240526
-0.85119773192024,-0.5061883971089867,-0.11584364776528483
0.4969296411705747,-0.2421680782285941,-0.2466401036914732
1.3430061787069871,-0.2527774712849024,0.09119979752119055
-0.24602363068284344,-0.224741238201595,-0.10171033186271657
0.9567329251724312,-0.4002803684331101,-0.07179888142651757
-0.667356456345046,-0.4346011131894061,0.04392536508150937
0.0036125103182746213,-0.4189499689926137,0.10511080267557246
-0.15146571613482096,-0.30020590754476967,-0.021984128542529298
0.19109618074511517,-0.33076158311583365,-0.03923002068456829
0.8405755863291373,-0.316318117271843,-0.007970219282966491
0.062130767580589975,-0.3485321555412835,-0.1471803335085233
-1.414349682762283,-0.5947002618040489,0.06946306239251206
-1.091698861186364,-0.5684074276163101,0.009516868086828695
0.8188809136902958,-0.4242804360823088,0.029695642110903038
-0.672990317700292,-0.4717148692814199,-0.0673140114899608
0.23730992343504256,-0.2747321582506549,-0.1557881432171534
0.8694247948690975,-0.26173507511394467,-0.05021763070623732
1.2005558719309055,-0.19564911412799715,0.0850361235133194
2.1630597279791823,-0.24963911466576974,-0.07673987360565274
0.1990694785381075,-0.4992087540041281,0.030318087884566323
0.02233630561907781,-0.33468012855282403,-0.233783673062648
0.747279032262538,-0.2606340638689453,0.10261919798489537
-0.3074006828361485,-0.4836428900758857,0.27591553154497506
-1.1684032786569818,-0.6100630181828334,-0.10832579095253406
1.4266186796955382,-0.3101623169712549,0.10207449703925232
-1.04570972367087,-0.5441631654344348,-0.15356909729914364
1.3624025403642523,-0.28230647953942534,-0.06461784678547274
-1.0200939977083947,-0.4940947902140404,-0.0996820630907829
-0.5146779521173209,-0.528718068383238,0.06830560132925786
-0.832799889795988,-0.322586713711152,-0.19615152353413337
1.3371087835341393,-0.3823403751467245,-0.08449759827966223
-0.6864194612600057,-0.5055733472965755,0.131914269147234
0.8735375523608924,-0.3674629208622149,0.14593434391566465
0.09905757904610574,-0.30568203118968823,0.0989207422042419
-1.403615154658486,-0.5859538871057697,0.05945101346453506
1.5897343483595525,-0.35023950807801163,-0.023160505517152603
1.0019901879664823,-0.2281004794456968,-0.17988157412221448
1.9283579358488496,-0.41907264250181925,-0.022979101202219392
0.09684541300504688,-0.37284894092793597,0.0523706352569655
-0.2698993965443147,-0.4709406357628205,0.060891593048110336
-0.2403824715194981,-0.4182664731159952,-0.011932427333043425
0.9924636412872102,-0.42578048551327335,-0.04163813281019001
-0.2281441134450537,-0.32321951492965784,0.07898158385137022
1.0744898762393722,-0.309991215650774,-0.08459087447634987
0.8140558440784096,-0.4347569189512133,-0.00237351567590184
-0.6020401732859825,-0.5177600299431863,-0.06465669541165643
1.4955984741643336,-0.2884093598514538,-0.03732885115442544
0.19639720681056344,-0.2894370552880448,0.12701539888332464
2.030830230638989,-0.24057725159286256,0.0426002653891969
-0.3525974511403162,-0.4428600047937712,0.052997025319170714
0.9750421037218424,-0.434975993704384,-0.16793383605536602
-1.0691473478318392,-0.6031724439177673,-0.019681109299066236
-0.15243846393825666,-0.32287622355151707,-0.162275230731071
-1.0899213374359407,-0.5996927950192955,0.009833361276353087
1.061042789431904,-0.2818992867315573,-0.023476196013884
-1.1818959110543588,-0.5062151814689064,-0.07412885572016654
1.0002308447915622,-0.33270665147900136,0.011604174745378205
1.4591821636523556,-0.18974802107195718,-0.05364871494636829
-0.861632229634946,-0.5354984704685865,0.07942063111767271
-0.14407943223983927,-0.29993138593665264,0.12551094103679517
-0.029145960736874955,-0.3139737701259011,-0.07497623492531992
-1.1875186816898173,-0.5881539980530194,-0.14810810110260345
-0.6908537557220932,-0.4173101663574422,-0.04010713124272271
0.39157526964479283,-0.4474902894231095,0.6618981254785692
1.9490261221501977,-0.3594867455053109,-0.04094687106449211
-0.4765123725314425,-0.3748775931409831,-0.15324154520902186
0.5244825012623113,-0.43716522932811214,0.06455360234764825
1.1708284543503031,-0.430099417077738,-0.03635862528196692
0.13334937720905712,-0.29366568013634087,-0.17078005116262138
-0.2628955995530112,-0.4167117888415329,-0.06780928798778725
-0.8256668998998556,-0.5044207277268364,0.022787808473118287
-0.8517869508900316,-0.549812429067257,0.044825113535369984
0.7019255984146011,-0.30004001759105264,-0.10821848309516297
-0.34284870048800875,-0.3909476946231636,0.04937077914473647
1.1781797189451084,-0.20018138081014722,-0.04025331213051289
0.7349353931708777,-0.3119743538289001,0.22749076345433716
0.8143632285829128,-0.21001023143187278,-0.1092094652383256
0.16844897263220227,-0.4036476186099465,-0.14866312673581086
0.9861206960762688,-0.26188675320482013,0.019450573453711758
0.5082225010041839,-0.5455487602746618,-0.04034231712597271
0.7453800920965055,-0.42274656835585034,-0.0861817500227326
0.22761183053714196,-0.3989734770384336,-0.14257113660274442
-0.40295673949964067,-0.4783504168296144,-0.019185679628429583
-0.08789115743129729,-0.2647329545551486,-0.1707469499079315
-0.8583513352386345,-0.38252867466045926,0.2754056142043821
-1.4165796741323464,-0.6043297446412766,-0.03875574486759398
0.25994212262646993,-0.27144346776610795,0.007457480539367603
0.870485910409799,-0.3876924837306212,-0.06899610536011655
-1.159837100103584,-0.5733092394431407,-0.061436555277844376
-0.09683645462198452,-0.43112183856259456,-0.12885293944543272
0.2658632369529765,-0.36457488808260874,0.07945477593195438
-0.1792153462994667,-0.3671960568291835,0.1247330455276532
-1.2039830992409297,-0.4536588594634671,-0.12637322519484334
0.7913288744179277,-0.2204975003128956,-0.1664340102274709
0.04128800112050045,-0.40221498107495757,0.03392274030270502
0.4877022368248429,-0.3891910976550105,0.21293928827655567
-0.507376791876529,-0.5582330770513988,-0.12547430773357635
-0.04592293772425876,-0.3740012610188956,-0.09916153692160563
0.15244145437638135,-0.3353187598500524,0.11369135323029513
1.4190845405420949,-0.39748566011850955,-0.026163174672297104
0.13564466653267176,-0.20960831709991162,-0.10032165674683327
0.3608625838106648,-0.30510415702031796,0.01844040963132029
1.396970937161928,-0.3893413128907469,0.07142018097509042
-0.8038446517276792,-0.5425084483181508,-0.0778159582692158
1.0355327678611954,-0.3123586434372811,0.0557686939905945
-0.4668800439064006,-0.39640929199681,-0.08483630449562196
0.6892370775812172,-0.3877110028364489,0.026218886880886937
-0.5283927862159489,-0.7099921875555927,0.04526666045457158
-0.624527792188864,-0.496293637853426,-0.07330917041585192
-0.29487597937528476,-0.341831471033785,0.29072898898575594
-0.6381390091920844,-0.5921022207796394,0.07968681931651457
-0.01563175826702151,-0.32511498960489094,0.02383930502303331
-0.7107300116560421,-0.40593715329596364,-0.05778601077747355
0.7995464206619736,-0.2341872366594766,-0.07392116047668972
-0.7953217794209076,-0.2421921342420624,-0.22969849062330444
0.17926672488262754,-0.30416989022943886,-0.07980452150071762
-0.5113689874437388,-0.38725828454573824,-0.01969441913788033
-0.9234062137480986,-0.35136190372378956,-0.059478784639500314
-0.01630771952188109,-0.2461758057411371,-0.15865411746620145
-0.7799324535538867,-0.36174576183641804,-0.03296065265867258
-1.0007162822618745,-0.547755604184454,0.2393767893980109
-0.494892517594382,-0.2138889994374307,-0.19891535274226604
-0.4947978635066694,-0.5494583897644916,-0.013314349170598417
-0.37049145186632454,-0.3988649613396517,0.06613131760096763
1.071848127538966,-0.19502934713808967,-0.032380072519229725
-0.897575201533872,-0.4113072798341897,-0.21040616318630886
1.108602112372728,-0.2272007906994701,-0.08304065834435405
1.070475669080292,-0.3041943660607589,0.027496549022171884
0.8008393566274771,-0.2518865814861477,0.1445642152076824
0.20089996858208242,-0.2594922603195301,-0.0445869761708225
0.10013342833428258,-0.472676164317944,-0.08874597069155153
0.41395290432258,-0.4182399393178413,0.03569349644839734
1.427420697220794,-0.31022355436106513,-0.14029709374801191
0.14442792216441316,-0.3514143838912473,-0.0552338927421248
-0.5841636714668037,-0.5278217187081204,0.1159061848437501
0.7906769991249984,-0.14120550497632306,0.19847226514717956
0.9418400104470462,-0.2697073382985202,0.021783972311207024
-0.1155492920801574,-0.6039646119400133,0.07450952954724661
0.15014487337991855,-0.40199696284003444,-0.10548314310706282
-0.35265673354569,-0.4647469338256913,0.11536517740804833
0.26618811769379,-0.38126320968021377,-0.12607937529918123
0.1674873291177529,-0.32331263221168544,-0.04993975640198584
-0.6230225379563209,-0.5572974933106652,0.011634804280667745
0.6771982319292289,-0.38448010027737095,-0.05332755176793001
-0.4769685394355764,-0.5079654613090338,-0.14928482369054896
1.1760175548936402,-0.3703994957388839,-0.08465715366252091
-0.16211793028761282,-0.3305816086513739,-0.11156207129593405
-0.8930428545281103,-0.4340872294169938,-0.1169311973991793
-0.904219111486561,-0.5457490618604551,0.08250713494745703
1.2600881264078756,-0.4877635605853932,-0.024290019857562482
1.247457894978131,-0.2618672195820245,-0.06160308335475395
0.19395611842574173,-0.3423272019694295,0.07931434074333096
0.5056408070073041,-0.1591953759782669,-0.09143410056932073
-0.7535502355075298,-0.4373221528728423,-0.006132188239266707
-1.008663544277833,-0.3344803721761734,-0.11201455171359985
-0.4365985567449581,-0.4605455417227212,-0.009688375694042718
-0.012505137538985472,-0.23056381951928334,-0.0616139906714396
0.060925067669116977,-0.2071551174863847,0.054102018289064614
1.220645274345613,-0.18965059646420826,0.0686517324751783
-0.9557573592554724,-0.43519863149103977,-0.053076076284527846
-0.820288477775042,-0.3753476378630119,-0.044998806558292456
0.0036583272215216563,-0.22890128455693906,0.16249516233256295
0.5610228650288012,-0.31589788259076235,-0.07598864467620475
-0.2617677025504605,-0.4566577854910752,-0.07815797212292308
0.865743652792401,-0.3734712417443673,-0.01517984762899675
-0.6864382201737682,-0.5771537508349528,0.04114363362682294
0.3515883189029502,-0.2620126736575276,0.014895312155372828
-0.1826292274807865,-0.20209843221980092,0.12283191343964713
-0.6202007511280361,-0.34378475938917824,0.0013791462788587305
0.4854473351646432,-0.3488613900171175,0.021667533247122173
-1.0837272637501063,-0.3781905907373567,-0.11195683907645994
-0.03391664148328837,-0.26021288753499566,-0.10473771096343212
0.2260841585960058,-0.4419563997892253,0.0618413739981346
-0.7039758666099429,-0.4902823963928035,-0.04421357990528895
-0.37282210244554803,-0.32017249801793846,-0.021029928450764974
-0.6820815899500616,-0.3472617882126537,-0.02715113151911461
-0.12275688975047977,-0.21188000823355763,-0.2379076955020882
0.0806102829235371,-0.3025185875952778,-0.13586060701051586
-0.8475756720886689,-0.3967717052980402,-0.19282512919769249
1.259368458113368,-0.2518403456563758,0.0033704043639344572
0.6652910721845204,-0.3151788410708634,0.19431366967595085
0.8897965275510765,-0.3954208112394656,-0.04660003010904068
0.2356458922857859,-0.2582029280879606,-0.0349164204944027
-0.785044768181689,-0.4815116085763334,-0.038842543454691555
0.8174214434032686,-0.26379398080974725,-0.03357978169734551
-1.026899549741732,-0.42449360256360097,-0.15419538723472953
-0.43276673958870626,-0.36647430013255994,-0.10439263967492073
0.1348103537238323,-0.2809319745606481,0.017768036058987233
-0.3424452163701376,-0.4107354616550649,-0.03141170299000089
-0.2577442546073678,-0.4510089252003488,-0.05297824825620471
-0.2978019397681942,-0.36664887065181373,0.06823126016547021
0.37451590482165054,-0.1966074929731713,-0.0785292381255627
-0.1715054655545187,-0.348978502580741,-0.11289857460824237
0.039610517782751084,-0.17021776153947965,-0.13117365480187543
0.4742704834486057,-0.2268384212518549,-0.07039334243688096
0.09855115265812046,-0.3475034021694448,0.01246687172947405
0.18526022508454912,-0.2881995882783995,-0.03742090069881529
-0.11019770553649903,-0.228414039572535,-0.0971236665492154
-0.09072847719266648,-0.1570185627874858,-0.04812061246511344
-0.6206386552680411,-0.4095318534686217,-0.06003388742810424
-0.6405515275553094,-0.372639337301486,-0.029440852174361883
-0.6697157828028492,-0.34064619505006566,0.2744282755860077
0.6700137122951154,-0.17471474334342552,-0.02930031200392763
-0.07434108964894742,-0.5939548210361405,0.056252850541917324
-0.3794603000586247,-0.3151403839021038,-0.1123241700818845
0.035610661654452216,-0.13030526700852962,-0.22671727244455184
-0.31750124907108457,-0.42102473941459384,0.04440427184074936
-0.4572126573527523,-0.24217692990383444,-0.08686454437467837
0.24793636165445426,-0.35531588944699,-0.034253176045874134
1.0210264388374664,-0.28009619932811486,-0.08487297645647286
-0.7426241562781338,-0.2470708536738779,-0.05308430421918934
-0.05238634293870096,-0.3054243760879801,0.043794860134262835
0.20593996605936787,-0.048623944266851,0.10300982201144207
0.2883936285266416,-0.2466410596344843,-0.01074584284595802
-0.0923042251420757,-0.3588160740816812,-0.04094862782562898
0.10567016175368055,-0.3166441443694359,0.07111932510503037
-0.21154846961776047,-0.4953059570861798,0.1311059494038385
-0.5686410119738313,-0.2854793304541258,0.13443167293048652
0.5453510447943776,-0.3980668484886413,0.04408600666509185
0.7353162596884819,-0.373134865684968,-0.06589813060643446
0.6843257500475249,-0.3602491528106572,-0.05095874843053502
0.43478117271953853,-0.0239391178052032,0.13932793626753695
-0.4691540647025494,-0.2756029154592387,-0.0749449051434731
-0.33869872377275917,-0.4106598021910979,-0.013754591380560895
0.564794429149804,-0.2249469036458623,0.004413941629450132
-0.4204260664290173,-0.2911895467658109,-0.04072650764103253
-0.5465713670379887,-0.4576161239641985,-0.025782610500843038
0.5433683242125044,-0.4270440235372397,0.022684103867703934
0.17127315527838077,-0.4799891412079418,0.014989456266068582
0.21745544881181084,-0.2530708547181468,-0.05343422906734231
0.9646324133762728,-0.2941846624720639,0.0667704347109896
0.2243808551443433,0.006519488557365628,0.0072736588117642675
0.8639685855448668,-0.37596713394399794,-0.06726011586257019
-0.4906389114581711,-0.3041044491189319,-0.03269411664460933
0.29073083919708487,-0.3511614291157906,0.009859536567482912
-0.21548201227154318,-0.3463602360082981,0.05872186945129139
1.2238469074344227,-0.18034725399264104,0.0050277034961407575
0.19649376130149288,-0.374796479484136,-0.07943937731135602
0.8394143184546348,-0.18435823277067648,0.019523727164598534
-0.02723913577379497,-0.30388900673524705,0.009770869514926882
-0.1849672001621981,-0.2395537758472867,-0.059099178589652426
-0.36824823609528257,-0.32333604687312706,0.09076072657586318
-0.37806378713237593,-0.4651424587923933,0.0030724278114609644
0.776570752738644,-0.35306975287234627,0.0334017672292049
-0.2927348312050764,-0.4545641844363418,0.0697153777510084
0.2802173061443772,-0.13705888280359305,0.047979033807442895
0.5069518603633594,-0.19822291490417426,-0.06135092889426134
-0.052542355401526894,-0.1733552306909341,-0.06608343947456113
-0.2745075518505579,-0.1508410312730662,-0.013289017402447732
-0.654799595304053,-0.4291947535733817,0.05297676865773143
-0.1337092207952795,-0.32230410438752627,0.00998520883604211
0.6700326594773743,-0.04586014402568483,-0.18498859781467808
0.4465184766936813,-0.1939448378661368,-0.05798029649747297
0.03489595251097165,-0.15070873747171687,-0.14859023374697472
0.5889426451360934,-0.3577155498111748,-0.05711965744710304
0.1236931865662138,-0.2571744556949728,-0.08031685652747975
0.4244757262232359,-0.32576440563736914,-0.04082003828705379
0.41193991751027914,-0.2352348508905576,-0.048585994875354886
-0.07261548454124406,-0.19752716729135167,-0.0597663813444598
0.03697787765803039,0.18155496380031877,-0.012875953337967667
-0.5257690841771808,-0.4135544283463666,0.0059880989199463195
-0.4058549289807725,-0.5022369152279047,0.09363837106350388
-0.4606230080313112,-0.37735364267056437,0.0873524151442217
0.6473881405069787,-0.1458603354705609,-0.03043782119412385
-0.059563016638676726,-0.3798891474452957,-0.08484291902864195
-0.2896454371425149,-0.2736399400203929,-0.04859568368457075
-0.5635537846766215,-0.19804978312491794,-0.11428982190949
-0.5398518268408745,-0.32330150692565607,-0.05258151749616041
0.012336944440845184,-0.1766172988409319,0.023242976755594363
-0.18410262880586642,-0.09675910800864272,-0.0032079482161316594
0.4535614702931248,-0.14714167686343246,-0.05691602796991625
0.17653494759417185,-0.3273383642863815,0.0032053336407294195
-0.4670836350372044,-0.3435510193974142,-0.038768814280772834
0.11061256716281069,-0.003923958109681729,0.04076238497278881
1.0870181141143775,-0.09664597754241055,-0.0835324841076446
-0.4980245676262648,-0.2534628607746101,-0.07386037215627983
-0.9059838865274386,-0.22208838667539568,-0.1333526806624907
-0.16033511653816698,-0.21937079307277904,-0.07475880027516307
0.5701236305039548,-0.22245895600189236,0.008377431650796479
-0.1269852717714109,-0.13325801097318313,0.007006568224283952
-0.5321583384193425,-0.5113340891068682,-0.007470394006721426
-0.38036718672055064,-0.21157205274248336,0.0160108385000887
0.1274286747603326,-0.20862337732832056,0.05225150303886401
0.09800431746481447,-0.24564487151992226,-0.07539043236176761
-0.5858175218346762,-0.2234949084190808,-0.06246586125720974
-0.6383441745132292,-0.37625511070131834,0.09016837115829965
-0.1454409212564023,-0.3303204362444972,-0.05696528491356904
0.9482743070784168,-0.1599471593442566,0.0037783484777688795
0.7959278817212436,-0.3272725678331268,0.03310210747657261
0.0372197805507918,-0.2731745737508702,-0.017620924070904435
-0.670227890550289,-0.3958170111460012,-0.03965218329399865
0.6617422215634661,-0.11873611469162812,-0.0013850131091503793
-0.01771778591086459,-0.5351597172426298,-0.005641945812396803
-0.1030329857217757,-0.2548186303296052,0.0652004747111941
-0.39809619619684317,-0.1792744059958842,0.0007117827270843003
0.2557888794449127,-0.15902734710259664,-0.017607462028380684
-0.3152437972278263,-0.2594475760262202,-0.08337553537030586
-0.19074653857110144,-0.3067330272754483,-0.0037006301072364353
-0.6868255110249016,-0.29975995400680505,0.029650741334271376
0.24597763754210325,-0.05022760892493648,-0.04546995283786301
-0.4962114428188512,-0.2885892526349268,0.10048975128065424
0.039854920104599685,-0.0970915285095201,-0.05749201944914166
0.1715177859711931,-0.04015427725720005,0.010793175740628585
-0.20638614711419725,-0.20034327514085562,0.05683898412200585
0.10704186246632777,0.09207023137237463,-0.10816302053972013
-0.6518368892728604,-0.2128788892873018,-0.015239079628847171
-0.08433758401666148,-0.4009960455099392,-0.055371991632968194
0.00895228107488118,-0.13883691818168126,-0.03821376869465146
0.18898434422065905,-0.23816197597220576,0.05130632381770797
-0.6086205651279945,-0.09895448114561074,-0.05794180164892933
0.16400274144643706,-0.24428954221843446,0.017610758112980907
-0.23573036763061256,-0.1455785549151082,-0.0974114227919776
0.7101362839155683,-0.026341102189755758,0.005106369225769176
-0.006419213082201202,-0.12914730780612535,-0.05093367506376012
-0.09465645232491544,-0.029603453469325417,-0.017807892981413654
-0.4194727221662405,-0.30379108296015617,-0.06115564035553345
-0.051340223717369765,-0.22083575244455889,0.03358907957602175
-0.03425602545859669,-0.17162555347721933,0.08846130814020023
-0.4696330709387985,-0.2567324157397691,0.03109577528149445
0.2857974806268349,-0.3010364946319402,-0.005034377984867282
-0.6235575555152951,-0.2705829203613736,0.09893196538943352
0.005357048810895,-0.1688611939713205,0.06232127294370592
0.2700635076841853,-0.12411465200950705,0.03218243945874249
-0.39365577992572404,-0.23522548195095125,0.054281529809673705
-0.040528702732939466,-0.20507328229100527,0.006213025705055485
-0.367874761199032,-0.12030148415718295,0.22126046062585464
-0.238447622661564,-0.37826184520274697,0.03032342926651564
0.7609845610327226,-0.06654529282773565,-0.003438232136563092
-0.09449576725662906,-0.27021220413258673,-0.07905782900529741
0.05542219203181167,-0.1791247131461241,0.03824651294391573
0.05956067089947745,-0.06257010754656346,-0.036094080804301834
-0.36899874100313934,-0.2253556514307069,-0.07416882307296926
0.2327697002098489,-0.0447013100317501,-0.002567814936523989
-0.5408560894202651,-0.26374514614366706,0.03258405449793878
0.08461344876929132,0.001713170459366466,-0.040511059625582484
-0.4251234231550041,-0.24518491842677145,0.07922865267292754
0.4153058220751645,-0.21821933394157453,0.02929632901226908
-0.1349656685407768,-0.2105604451894165,0.002935525243990828
0.5185663078333684,-0.1524815738363656,-0.05209854547440301
-0.5536378883936557,-0.21800587138839034,0.04481701489990415
-0.26927130338498895,-0.1867288090500243,0.05630949026971674
-0.498781008216764,-0.31561837676579974,0.07032822038447502
0.8737600033936923,-0.20282561802261745,-0.011299104491422737
-0.12574830686398242,-0.19256107926273272,-0.028378074671142613
0.1611370872993083,-0.196513108790655,-0.062374038315090315
-0.5792211958571112,-0.26359581555677664,0.00647541720621803
-0.5454472661976691,-0.12982320175447168,-0.08068592686364662
-0.39374688442678835,-0.11946902959638718,0.018316966472854492
0.04533970818685629,-0.09414759460850042,-0.05777683569911726
-0.36643888890105736,0.05141031956816959,-0.03830432286652925
-0.42468170781919035,-0.19745734571128923,0.09650007650195656
0.17986139828364242,-0.18320622753475713,-0.08430674359701779
-0.2255752079966044,-0.3237696664752249,0.07787317077348269
-0.09557617666911601,-0.2531090269864174,0.008192900424551246
-0.10948140641811736,-0.15718086913776327,-0.03648574658146597
-0.2735075739534075,-0.24490369040042784,0.020382461543229324
-0.4367180245910254,-0.13098418976522272,-0.05384230804345562
-0.14249865726907518,-0.12032863405944252,0.05971547478421289
-0.5108989907321653,-0.21980929116065406,0.026254106543194867
0.4395043537724989,-0.10715429423119811,-0.05053976599226818
-0.5839593292227636,0.05379488338949024,-0.018414242847649597
-0.3225377593387056,-0.2400659088671209,-0.007803281722466066
-0.4893218098975172,-0.037513644249823855,0.017849020300659987
-0.29193893110748365,-0.1870737846128281,-0.03130719447478938
0.1349997125327869,-0.20463823037091347,0.1555599012079648
-0.22030767368514984,-0.04504149601268127,0.0004586682941386956
-0.22740728254384146,-0.06061549777888722,0.04600061816265658
-0.4955795261101071,-0.07795734663105362,-0.08174865515069193
-0.3428327717778734,-0.17969063151373954,-0.03608105117601183
-0.012345864760036416,-0.1457406967915744,0.126355753073607
0.06436761302771017,0.20053598034310882,-0.06845261546296329
0.16467740120732602,-0.13842703549037078,-0.011615562867673632
-0.3428810019945301,-0.04186121814868831,-0.021132276788210683
0.22356938913054414,-0.11567701270258945,-0.0507780158500928
0.4744904643595764,-0.03748862448754796,-0.04154243941796788
-0.43409250832122626,-0.2546247756224972,-0.06964454280451081
0.6282973822689201,0.12083957938450735,0.04055838353039737
0.08569017855639206,-0.0857902275337279,-0.039063745037906175
0.23647246249400825,-0.08292613468445646,-0.0076610166473491765
-0.0144313886284429,-0.12128122326643502,-0.007004715909564811
0.06594358604278876,-0.2199634997232832,-0.07631001847493232
0.508223464742192,0.027040745370756444,0.04349856902568764
0.37537483344806744,-0.24958884116344396,0.13241494833791206
0.1525159670688728,-0.18598400156225886,-0.06581167705010268
-0.1828595268604455,-0.08492306375783616,-0.07785215148884214
0.0259787312141448,0.16351236100725658,-0.08640680586757468
0.03477825506949988,0.004088976379999948,-0.0015915131287001468
-0.32456464559095594,0.0010024566891157472,-0.023134612983500637
-0.5266344656351866,-0.0959784350280132,0.05026082438394451
0.5219481131641835,-0.17295079840460653,-0.018369197746341586
-0.1643572735521225,-0.23076875336657246,-0.07098744970916053
-0.1225467371289894,-0.3277695002387982,0.06139654986366111
0.1155148418012076,-0.051438920239637434,-0.04788283312176792
-0.17427808135631992,-0.1232313208788428,0.03804524792590241
-0.5574517099061373,-0.17811788238887666,-0.04574593602671026
-0.3784340072539866,-0.0877158094037203,0.0018025824835087802
0.02482711781708006,-0.16586258492712644,-0.04411950134643831
0.27436864015188805,-0.0288046576211041,0.03481601977256037
-0.3697885687564044,-0.05173625082972701,0.02413187925479413
-0.20709221839817415,-0.20578605454724305,-0.03488532318839148
0.0631135140843257,-0.04475640649750304,0.00763445933261187
-0.1868603518487648,0.2489340608834077,0.0026052358200056415
-0.576907979930324,-0.25870361725599506,-0.06839023129460857
-0.5601576595168255,-0.213608646562388,0.008492144376294808
-0.17228492478335122,-0.12035820863860786,-0.04821400262366619
0.08638312056742714,-0.286880235970879,-0.07509555269262196
0.21862335447043968,0.13957610950043095,0.047149147574994894
0.5428922878046689,-0.0726330226464336,0.06449222239174698
0.4009962179774076,0.06500305834215855,-0.023133506932734853
-0.19118115317356016,-0.3231191881076812,-0.048412039711914885
0.2334154037025141,0.11034664429114364,-0.036062028372434815
-0.4582948914456847,-0.06888835051085292,-0.06850113985102542
-0.02025141466173448,0.006370827393098514,-0.033906150169533564
-0.1577583509029187,-0.07119962856645272,-0.035108735141721366
-0.0582741976901493,-0.021337441444875874,-0.0287092345973572
0.26618147491552163,-0.13912392539381585,-0.017843176080630865
-0.2911542381257001,-0.13873275520968006,0.02328747271469072
-0.10958786886642491,-0.033706042206686625,0.0221969356928024
-0.0784607677287847,-0.09877719875289731,0.013330397112509332
0.06305526152200623,-0.23782702212765006,-0.005708192442313361
0.3504251853852435,-0.024416586869810974,0.06615106419042892
-0.16472276573306752,-0.14544602273201215,0.031335632759797206
-0.4799169983402679,-0.23484322039312475,0.021121138092106348
-0.22192754664515169,0.09014211419116167,-0.01565849559070841
-0.4311527395517261,-0.05747077762327879,0.07120506072461935
-0.4581591772337784,-0.2044139521514712,0.017383202700260867
0.40684891619809593,0.08443409510797471,0.015498558516648716
0.22930477458087686,0.1258555384996581,0.02505619141335404
-0.15451310597280624,-0.029958856339166794,-0.010165240478886565
-0.09690429801932947,-0.18350145540684806,-0.0045429949737101705
-0.6021867777745391,-0.1675344075689706,-0.09367442813214424
-0.3183537471815538,-0.1393197102746319,-0.05586539499048456
-0.14078731571102904,-0.08128327092272666,-0.058178230482399285
-0.40430621294071284,0.07903060740206092,-0.01180886435468719
-0.5126333310466756,-0.018138695806505543,0.028313766123870168
-0.4108995181501815,-0.0071484716928303625,-0.04050764230989735
-0.08208469701213005,0.05918329996846981,0.06465071081516345
0.1694718107968893,0.04437684853877793,-0.027408355487749742
-0.19887061003661402,0.05938793183808906,-0.017880116942144458
-0.3119661136642918,0.012030695153140336,-0.08544981488452043
0.5711508610683549,-0.07211354743998176,0.0877745331540025
-0.3668444442879417,-0.34233697623305626,-0.06716091427832464
0.2902942397027284,-0.13701244608860266,-0.042781918613061916
-0.3188728108911812,-0.09087447706335072,-0.02119499045247447
0.6297410927116146,-0.02870078233504395,-0.05135193996862534
0.16983385798319905,-0.05750975216794725,-0.0010186424516564448
-0.2078151292968656,0.10934881205633447,-0.016192345132477682
0.5847213572017331,-0.19411177746795874,-0.02576825943645407
0.22059585222755648,0.0018347523065449808,0.0526911088874271
-0.1328134420316027,0.0020172745460789857,0.014367330089072969
-0.4965102816228545,-0.2746612116006437,-0.03009526607984182
-0.26838050929726043,-0.12783601145453466,-0.02641643160647129
-0.0757074794991807,-0.17657364052028351,-0.02299119775951328
0.2518202941701086,-0.05671495717310961,0.006900768119723799
-0.09968535097106457,-0.13077719046849037,0.033213443636163624
-0.11133506656200164,-0.06573348779006877,-0.11982110576801527
-0.06525770593007872,-0.048680959638054556,-0.07359799672460775
0.17127611680856972,-0.19313892152094522,-0.0043034619858141184
0.013087301746174914,0.07610412915499716,0.055034760233798594
0.07883425187560747,-0.11522829227345865,0.0955591322746323
-0.12413331130636777,-0.1715148910696703,-0.059174354518510414
0.20318069386355367,0.07747400278615851,0.014948340858972353
0.39056062540648573,0.049775810484829125,-0.001210421265967069
-0.22358786749967527,-0.09432338497558465,0.09035616353684083
0.19138070164236284,-0.16511487725508295,-0.011749336717163252
-0.2966607048674477,-0.2392970038907598,-0.04128505090856773
-0.2304147081750042,1.5332479640745325,0.023402154174212732
-0.2073271255332237,0.1613483490461035,-0.03881078284384115
0.15603400157915479,0.09025158747973713,-0.06504027551119068
0.013228122509024227,-0.019340214344708735,-0.06831828524756152
0.20796109712522307,0.0764746905643552,-0.02237673472852427
-0.5430370215797329,-0.06012245386530806,0.048931553406333386
-0.35992835781051474,-0.20795054764355295,-0.01316537315114193
0.4800958443297801,-0.05186153302491865,-0.021803934450890752
0.20180732738070994,-0.011403007926560987,-0.03511022173903445
0.12937091572245935,0.1073178620128356,-0.00016097034502623737
-0.4865462483121524,-0.17681616705208306,-0.024905954199522254
-0.21056626227914824,0.10565703674663181,0.06710595079097725
0.17288073486944078,-0.07991070656681495,0.0036822685978040834
0.526696770723663,0.02344128427043668,-0.03895731762212447
-0.25953775132606305,-0.025358878274974208,-0.03401430679051824
0.07802553691781265,-0.028336362854221062,-0.046202761030251276
-0.4230002976416157,-0.03763838543450793,-0.052628130434239806
-0.33394769945946623,-0.3043217712936413,-0.008026528652622548
0.2012104398862937,-0.013520679750769857,0.026350742093233674
-0.2340833515459098,-0.1274192385688776,-0.012604781264632029
-0.06683217906445127,-0.08043970753136519,0.005123285480602515
-0.10855574680170817,-0.020717065758460922,-0.10753227127768547
0.16198054803039028,0.2645616999445398,-0.037533148484496695
-0.25153815967137505,-0.15883246687757288,-0.04676194706948608
-0.19571451110777327,0.06689861388182057,-0.023370366820850905
-0.1129258995804839,-0.15520572693696283,-0.03312125765406259
0.17539470534588503,0.07332280191727054,0.06954978131973646
-0.07953822778407738,0.042819955345332554,-0.04635089823321216
-0.19124567180284527,0.036023744694974796,-0.05829456717751029
0.1418903817085554,-0.01165500729568525,0.033330553190060334
-0.3661826461033886,0.1627732286843189,-0.02388073251267551
-0.5160931909910053,-0.04727188193608573,0.01357896140513544
0.05435095959368899,-0.1305821149843694,-0.017631900476602458
0.17234883443253715,-0.031498319890599716,0.03732820800055613
-0.479946067687237,-0.02788906344037912,-0.06641483040359614
-0.04452329647967789,-0.05433446441600057,0.07147440736041223
-0.29980585481445166,-0.1425004424274947,-0.020245862866854127
-0.3285553332718412,-0.21690373465071824,-0.03779313659593066
0.2373994283982144,0.10901984035519113,-0.028991547344149937
0.5300475678445677,-0.10169319407458925,0.01910451821991424
-0.563741831035204,-0.015884739106280427,-0.07093665570953472
0.2453290534508121,-0.12489227524295216,-0.02541899368225275
-0.1457553687401937,-0.061398663471263076,-0.046612064078474555
0.17252806355568834,-0.039770261087357664,-0.03491205766861131
-0.2811297763019736,-0.21045858298693376,0.01872088138515303
-0.3074594683870054,0.01845142928957058,-0.017197758757528516
-0.1794832533841699,-0.02175224248341006,-0.045501212249563605
0.3250215925447449,0.1618507715873109,-0.009828990462815169
-0.015990963418347014,-0.136018800746476,-0.04594521650327338
-0.4423208040735597,0.1176353686054111,0.03861071122673582
-0.2272543090218412,0.012873590365925872,-0.0091412829144024
-0.1688423462448458,-0.003065446761959984,-0.04610724529129611
0.21342461210934172,-0.009117135520380064,0.010658200348680391
-0.1664204128976155,0.1239402161393011,-0.07471384561343417
0.4712633675711872,-0.03391286487371686,-0.02107845985447033
-0.0827180780492509,-0.13409035339265557,-0.008173402421529433
0.5422807006370257,-0.029143013541211026,0.05512404966267145
-0.14054911284749352,-0.1439877763615919,-0.0431383546505868
0.07577120651038079,-0.06204858986207861,0.10940016321698419
0.2150023284008555,0.23092317283374586,0.009908844046119037
0.19716371473588282,0.1200936636198235,0.007961630977350566
0.07244912995225089,0.028375896943129232,0.01818108735079512
-0.3008257473906372,0.042705087373129114,0.004302486837151343
0.08313923431186594,-0.08983150993499883,-0.03394990261809544
0.23679597611532135,0.00819017709765072,-0.015153316962089882
0.15427783184654567,0.0613357129018477,0.05059021036004541
-0.1174186594826091,0.1436977871454123,-0.048892880065059915
0.4803497604613659,0.3908670468565047,0.08157961314215167
0.03680910987757596,-0.13811336785385683,-0.010315837044487563
0.3438250440912762,-0.02006770626448829,0.04480464257872088
0.05734458110521965,-0.04334952462413641,-0.021643542669789857
0.1588924169433038,0.1900496093311115,0.061520732559751476
-0.2461900679225138,0.16122884916352764,-0.04201649274107726
0.00730305720791387,-0.014092228186347663,0.025083880365714205
0.2587563991262243,0.3214797819488209,0.029971827842577656
-0.4097746171072518,-0.013236070883807407,-0.022413770999642927
-0.18803866692541304,0.11795466256807657,-0.008717526839561483
0.32770609684781166,-0.05472994325551463,-0.022532500929415847
-0.38444352848447266,-0.08391370455267241,-0.054108304050611504
0.0427653000864544,-0.17245460699635026,0.06790664501088037
-0.3841453252919564,0.08275298957281657,-0.06897436450563832
-0.1921195767009987,0.07507173224133903,0.020068232637760856
0.2793485762344816,0.052635668421787046,0.057518350771939036
0.17340766267607555,0.024254414100925954,-0.014610115702312857
-0.3044832674103691,0.012713846308936497,-0.05504864902088993
-0.17213023936115576,-0.03645607420169225,0.06383556173307268
-0.31673746770872474,0.05303993059353939,0.01505955680183886
-0.22599205883793216,0.1652391967937993,-0.018695424454141615
0.05363107804295781,0.1950654059855491,-0.023181249586369853
0.4869018300178246,0.27422631703620204,0.038474737853316815
0.018810711867342605,0.014631206123630416,-0.008891858029927735
-0.04345119533231653,0.09742894579436538,0.031005443892281288
-0.2580294489441628,0.31182898515618396,-0.004647395360083498
-0.2790339083157848,-0.02594923168250365,0.026665323600493798
-0.27157859111164884,0.17382801893111888,0.0033669442419572383
0.2443528615596033,-0.020025816681862492,-0.033192484644071374
-0.3116008543119706,-0.0661406664161358,0.0014720455455110707
-0.28927888854695205,0.015016181216126504,0.0021817835108615268
-0.366600548130073,0.12851715356841775,-0.06132383014711705
-0.06543593318792677,0.08348087191812455,-0.0644751612473859
-0.034359812188268876,-0.1539511993096858,-0.00460429912021818
0.1404326345383339,0.0963383515355647,-0.04734538850531324
0.5562866683018989,0.09108946738160423,0.009774413301852334
0.047990387905706575,-0.04761868244700184,0.01840428316953125
-0.23105237716967295,0.03719034185803683,0.041267226906661195
-0.1220465821525018,-0.1316467132554703,0.16191084959270396
-0.13614330352952725,0.10721733672816275,0.015275503992665144
-0.3833514045906932,-0.00921549370984675,-5.2349995557019456e-06
-0.018619560524098404,0.1967318233348179,-0.050944609407553236
0.14979950927065117,0.11287806561308825,-0.01659946358779369
-0.44832628920133283,0.005611485391991662,-0.026202018523168585
-0.4393085364712617,0.05983850076185065,-0.036449417578975955
0.18283237621462847,0.03355276630168704,-0.0029231997014222536
0.030456169840857444,0.047907303064678525,0.05068018234127621
-0.4700763302488631,0.10533551902717822,0.001708076524631147
-0.12570840874549474,0.05597307028682351,-0.004169311514155498
-0.153442864218147,0.09540572031411021,-0.019415820066048015
-0.14310327738366763,0.3435271196266281,0.050130234124242105
0.0756655827828605,0.26200916178346834,0.026566132306920447
0.07559462380511404,-0.16709097605495507,0.023527470283794823
0.3157450131189033,0.0037159345744154563,-0.025206165989716808
0.12360748599284647,0.08468539364646194,0.01761613428157321
-0.2846598560102178,0.1319547365174767,-0.0322574257585461
0.0563150964192994,-0.0235377067201208,-0.04171272866413087
0.26219273300868007,0.007485398396437262,0.026906141185550923
0.02343685349648211,0.10498161704272288,-0.007396710443455294
-0.134667735264428,0.32551219338548326,-0.052406677278184766
-0.3775521998661305,0.1259554597680952,-0.050091178511848536
-0.2960825674615108,0.1745481974666522,-0.016519152593811533
-0.3894582745334793,0.15708982650628175,-0.019326072587626652
-0.11098513733707395,-0.1285205955489079,-0.049943928203644405
-0.22520175882475635,0.05731131016817975,-0.008996434111927354
-0.3725304790974189,0.17218402843406674,0.006342434636536092
0.058052270461948975,0.09157809034661357,0.032465227310717645
-0.3358329369906243,0.17235991798033326,-0.013287102809828845
0.0003910033164441792,0.17718896527902717,0.010754170474873015
-0.015759289024212243,0.22045224438757927,-0.026885223436862418
-0.1671454108638134,-0.1148356175730709,0.0023951408505052383
0.20258001771133188,0.139638986988617,0.0386736276777466
0.23863143862093525,0.1271170284265815,0.038706673453036335
-0.36969122582134517,0.07154216798044165,-0.01501923586088519
-0.0498938310450943,-0.04227432881121769,0.0016106419573685565
0.124366431752709,0.03798232029869968,0.16525483822272558
-0.38401987645012775,-0.2271986839328183,0.0050825006410892045
0.0021002427443970375,0.31171606871394314,0.0483122382769848
-0.4014728108195822,0.1217144643810262,0.0019612529253121786
-0.1534166058915913,0.15002665514453042,-0.0002455828795327566
-0.4472384278649394,0.22173882879300083,0.008223408496117732
-0.361553935492702,0.21216485145217598,0.04007120079930706
0.18391633855114148,0.17447716770601895,-0.024554346838046155
0.2439414397258509,0.2559491890928922,-0.008163810120334602
-0.15561796294991168,-0.004072683565447552,-0.015077911895601275
-0.3820259886410267,0.035896180822935095,-0.06748845408189916
0.2336418616157531,0.5928170291534418,0.00845434446142903
-0.14472033523826855,0.126528593890718,-0.014080694048907116
-0.2431788115527158,0.03729907985131414,-0.04472441415810842
-0.06878461466656274,0.19369526457254563,-0.009969655414220043
-0.16809937592535704,0.1702482606339835,0.070339604078925
-0.06533908500587665,0.023489438678759866,-0.03780392007111199
-0.4780974171483084,0.17420009102425646,0.18746286216945615
0.3731926576021821,0.11127015543194685,-0.0009443051887625412
-0.3648366327259346,0.030137412462302792,-0.0788397105286213
1.7929637104995375e-05,0.10074810891089583,0.09538468001124845
-0.04454195794673535,0.05187041020028824,0.0007400776618922801
-0.33735485384086106,0.2000734065772736,0.018782746086126106
0.15502021324690046,0.20548844495254895,0.010502174028285613
-0.20061475842334447,0.3077381400214538,0.022905564128405345
-0.1627702988892024,0.13544287334928343,0.0014555471844466506
0.10504440536229298,0.1857860316287936,0.01982492731848315
-0.2275448384520618,0.14435936186458548,0.032830899399753075
-0.4495055089401305,0.18647348310639086,-0.05304060387244705
0.2678677667404608,0.2959690703621817,-0.031265666672371156
-0.4320704754198672,0.04431926465259937,0.06650292271565662
-0.054633096731697355,0.0880289007954158,0.06653034991809244
-0.2479418830474869,0.05156052518547758,0.0275651652121956
0.3036048220380064,0.13908225418249706,-0.01150672169447266
-0.060275338079440015,0.14348600167948586,-0.011739935038049603
-0.4692768161624506,-0.1190282616601841,-0.014217379337128709
-0.021034811598478535,0.10902319730480656,0.000786548543370002
-0.238168520676935,0.2276565968600724,-0.03972520744658085
-0.31968997967899915,-0.09103594330946944,-0.010974812913049137
-0.3658027607517497,0.11640157006987817,-0.033209605859984385
0.2008348215973946,0.03951126352306441,-8.395935699247142e-05
0.11111485134925857,-0.0899883616273991,-0.017928410592888577
-0.3244892037057076,0.16801924888908168,0.01820662023827844
-0.11136910172674716,0.08569258416464233,0.020744403340034127
-0.0876850518253095,0.17601133746915504,-0.05289450237885185
0.4663621489906758,0.22431187489231327,-0.04228214301681964
-0.3528295658977447,0.20888326669366797,-0.02805786044597962
-0.12565986425734935,0.20548830562766643,-0.0013510205031673154
0.09783269646204111,0.28924331184544394,-0.04688598742109177
0.1529919384138264,0.4768242679213279,-0.04716622090614147
0.09098336593295614,0.30113376888677845,-0.0034165040083653704
0.00787786591793305,0.11178460362959447,0.038084492999826615
-0.10808828425550232,0.21768840369790882,0.0019909665154258078
0.21546891182992256,0.04779576709524725,0.003235187137003542
-0.031017158242336095,0.002766733092033974,0.0060727890305006735
0.19609300739826957,0.2810631109983063,0.010375827513858843
-0.05034879259381769,0.13380216151199026,-0.021287326947426816
-0.24388259379772326,0.26517114440043527,-0.015629156642304996
0.23196099243224105,-0.042265539673878014,-0.031832291891626084
-0.08546273501141342,0.34183391183870065,-0.03492017434316292
0.3457193319172752,0.2252077458437176,0.056585175735692675
0.3929356706934152,0.14118284041174398,-0.020617936295178114
-0.0001441817299391514,0.30322443769636315,0.006462168614155481
-0.5009231079730994,0.11619685956076553,0.044731486032161524
-0.39189738141707614,0.06960154989340095,0.05314554773808826
0.2500498744118306,0.10078231153015971,-0.022412646655131995
-0.15100096806594077,0.1448969807634999,-0.015093381757892843
0.20897848364422392,0.1766755288907047,0.018956038827327534
0.11018028102625704,0.1140202620208976,0.03013590622052873
0.21546812463559717,0.14424129827078003,0.022592146604107022
-0.26542710759757293,0.08405739403659891,0.014409663920054522
-0.16881090243603897,0.26859141209143617,-0.00346282518234325
0.07259044751493984,0.22346887877106522,-0.005859858363779995
0.03391174035816947,0.2024438536024942,0.06381344283448277
-0.2747171106799767,0.1464905831914122,0.03831009625089481
0.169001471122389,0.21849858629490534,-0.0012059755380484953
0.09285212407186905,0.15075355615994104,0.006261272103821275
-0.042462783210031003,0.060858131334236135,0.00449116078565369
0.03498441947677639,0.03154672292652286,-0.034845958987538686
-0.41602170892920476,0.06447259324902016,0.022247622020897678
-0.141609822207952,0.16169919939131555,-0.01888066343928112
0.0823919334052906,0.3096155946157542,0.05595791347453958
0.14375145585695043,0.06214116763474815,-0.030098866271652376
0.021658317234825628,0.40025036441773437,-0.031596734912457757
-0.0967883833485867,0.1529486530812609,0.0637284639696297
-0.2216570826178071,0.11908306291520528,0.003002093453687638
0.1668017230042503,-0.1310636828569221,-0.027431965399773488
-0.18278374766588806,0.1934700972572866,0.010052622797655857
-0.09969247397852295,-0.00944638814719329,0.02991968111596132
-0.1908643315690151,0.07989493543256436,-0.024018504069844186
0.12490141492277072,0.2743374690106011,0.017580295824450077
0.25939829027893296,0.1375113878572102,-0.0011516322956382366
0.14977380754797207,0.20435194209340815,0.02181488761583017
-0.3710152334585878,0.0930924794772705,-0.03650175250163692
0.1350351133746239,0.13532706935269334,-0.03796093873085949
-0.44420428501382464,0.1076931513070633,-0.007694080889920241
-0.3712440453712768,0.2558611573278937,-0.048939770794243366
-0.0860336842302072,0.14471984387913966,0.0068677247638308635
0.12587314962100707,0.2753704454816332,-0.03345922685840955
-0.029174070913444462,0.1328076498037658,0.05272743658251764
-0.07826099013826013,0.3408391643588217,-0.03867948169388538
-0.1526317212804857,0.15872218536180335,0.0007066108103275106
-0.10592643419225233,0.3969140008650405,-0.0020033068200229404
0.2245445814257305,0.2511442877884151,0.048057744374297696
-0.12141271858263998,0.2713943752004137,0.030337137419373068
0.20074071445856015,0.23649819236120234,-0.02917106908925485
-0.03639494171095261,0.2344656352408454,0.0041307949723894035
-0.28404461870887904,0.2735011540705971,-0.0708104991469093
-0.14331634036085564,0.2567062064551401,-0.03330113135845371
-0.002798072229833861,0.1332971826656333,0.003343190562816626
-0.2481729460298357,0.07236920455319955,0.0001625698499570787
-0.32763338752709925,0.16633564002411533,-0.038923144638922894
-0.40998441211672293,0.06045568766410452,-0.0320848125709895
0.02071630126532265,0.2927816302761371,-0.008211316654584693
0.005924379046081099,-0.04075107102012759,-0.057073144479737915
0.2750026344648237,0.18108332188775328,0.00010178287240713863
-0.02011887306093982,0.3104786747335558,0.057166890295506936
0.1515447387970954,0.07884811037904813,-0.015211062076599075
-0.3100365459213974,0.2825392474180201,-0.07681220193158497
-0.2330226282442918,0.1811046925461701,-0.013685001211554963
-0.2526165010400634,0.18111010154896037,-0.002927405649777262
-0.3474307571034743,0.2268903142769284,-0.05899936093651509
-0.1129224278766458,0.20668091481096168,0.024489170407374874
-0.09683158185564622,0.31062171038054703,0.05290106681708929
-0.06360172425798034,0.07060904527496306,0.048965678609539154
0.10636281743056722,0.12889291884066037,0.03234675790776519
-0.21529290873487716,0.39385440139015115,0.0363395530699233
-0.381191332060615,0.09462500888166386,-0.013400501427028946
-0.00459061474096134,0.09749207914714594,0.016425865547518213
-0.18373822936208947,0.1643815180708514,-0.001314060839070993
0.2397379810134413,0.12355430960179214,0.012949658447387309
-0.09379041305214848,0.4788116089301385,0.007906673876420231
0.23246325963817405,0.23787669404344636,-0.006880762716955471
-0.3636971012824112,0.10190358757191015,0.0244468495885191
0.05383736857696112,0.15581228166729716,-0.016789020415185797
-0.36574907598122697,0.09346025273140755,0.016147908273881986
-0.237607319214574,0.06813934371348505,-0.06806224747872705
0.1716370812375414,0.0004942454286106513,0.012981361301574753
-0.2305603214001699,0.1116317960025291,-0.05167534119037362
0.17410213500643348,0.4561057397765018,0.05099945786320361
-0.1591539782749655,0.23947527639387056,0.047849278186856324
0.05159567875366081,0.22809651034172385,0.046658491095024325
-0.3859129082230404,0.1953456354573872,-0.010789973055910824
-0.18358737206966846,0.09261879804637503,-0.05137829269598766
-0.16323611858931122,0.2184065783234176,-0.04249863877007046
0.10083094448013945,0.19217915355967188,-0.004609321325365779
-0.21029599750631486,0.12263398593579518,-0.014873820457258905
-0.3304146376187257,0.1270007903887055,-0.023807989407561042
-0.04346230974468656,0.07375872173427178,-0.046488924043874225
-0.2458465831328052,0.19299647176409554,-0.038295730069084516
0.1402224286623546,0.328942160568014,0.051613526273832054
0.002558493303378525,0.39172197474836257,-0.03697255015891167
0.06171245590609434,0.21040660744742387,0.04060456086568786
-0.07471791952448166,0.2753916182362012,0.04476685771380078
-0.18602549877292945,0.11293299803073174,-0.030382270203835337
-0.2904678380349511,0.15494273211972043,-0.055477145914197
0.007862340859497557,-0.017637634822015958,-0.017941548716668723
-0.08303984845212825,0.011087815301140034,-0.012531611583929441
-0.271450113664054,-0.11722148254614037,-0.002427984500406406
0.03190212896625439,0.24135634626005684,0.018704551474247717
-0.07911931641604995,0.2721723465729807,-0.04448664113002379
-0.08783978480232549,-0.09501043976977103,-0.006966564018789659
0.24523440458245566,0.07310323627678757,0.028997705168322705
-0.09777180636568775,0.4554419883231066,-0.018742885535872722
-0.05461825372171862,0.33108663574394565,0.01667690625935538
-0.007694977603911897,0.3173095885291572,0.017462857386349197
-0.18128510759042937,0.4109695253275792,-0.00048430227450496573
0.13104518270401921,0.16092615503476218,0.05527083534194061
0.08580475631581223,0.23567133852572256,0.008671826275741621
-0.10445625384310024,0.13108948404758652,0.03936269423630582
-0.32819179217164257,0.19237953843865827,0.028735714343932295
-0.4426147838303321,0.31940145482760385,-0.04846447639822719
0.0996729658557964,0.2743659140142873,-0.01864940093311384
-0.3454841326647468,0.17082092007472519,-0.0115297698108044
0.029383388776244163,0.2592890845137658,-0.06929153328426445
0.12083636263085315,0.16523870458969123,-0.031292266481818036
-0.24132975574019616,0.23812560766625895,-0.007747435916145492
-0.10028054086295793,0.25129549374694155,0.03695456822514073
0.04573573059564481,0.39262783321035316,0.0271727395423976
-0.1727931949771406,0.1990578274942969,-0.0010676534642264331
-0.2452444262426669,0.44213220809124365,-0.04002371758055923
0.11556517670730465,0.19468510613074352,0.019781743987205218
0.06337380316199592,0.11476236085180437,-0.007092635242368603
-0.08172737573006393,0.3692340896572989,-0.011937471023974973
-0.2637357972138237,0.1014867475420165,-0.002322526222340889
0.1953419713408452,0.3116796109799404,-0.023897331247760587
-0.262047823977239,-0.0025240623840871237,-0.023852233464742915
-0.25348697063038256,0.20496907286619268,-0.029960746389729093
-0.19739479331465679,0.28601894346512174,0.005465068223468218
0.1331765509240282,0.29825704784635526,-0.0003645920096671653
0.24000130560052385,0.23145856621593164,-0.021241089318703794
-0.2641448940367708,0.2703140072477724,0.0008611526747428324
-0.2569779908337293,0.08329927039883266,0.05229481680086064
-0.39233543444890945,0.08599758613389236,-0.019232564487780986
-0.08317123019583827,0.3159449681307639,-0.01620519455361923
-0.19005653992408308,0.05651559262045828,0.0015050100787993765
0.03151095127706465,0.39948229874287244,0.056279432334159316
-0.0076818158101680184,0.21729669991406436,-0.019496939539778733
-0.4097700862247589,0.25108633418142917,-0.028110521743146794
-0.09838611491245473,0.474212468056473,-0.01891502183006732
0.08289208560588748,0.28978293913603637,0.0011861742843972305
-0.14007920634645032,0.31519809246201463,-0.004567432313193411
-0.15421243386488834,0.2906195331316944,-0.0038566375548850654
-0.17014430824132806,0.30255056632200716,-0.08914974922573737
-0.19682990413131293,0.21354169517888014,0.010494729136299336
0.020653892248718296,0.31587627382756134,0.05745949927700071
0.07202124192940959,0.5448764492270076,-0.025994068489459992
0.26434140286222224,0.3707756172817883,-0.03995997676012775
-0.02017801661873792,0.10095345912228017,0.004064639611845098
0.04710642149342518,0.1230336037117707,0.004152406947739696
-0.07601458541823686,0.23754738840234374,-0.017936343654703767
-0.3361544347684826,0.13238529252958903,0.005034386997057777
-0.012963640057828183,0.4103468607663507,-0.019493438036888997
-0.1158459505249172,0.1202721263448214,-0.027204086788284176
-0.22433172493583006,0.36014977293096495,0.002337706083016428
-0.17751461147160102,0.08934195287747661,-0.0031562407506358758
0.01060068291323218,0.39177935872787906,0.0013178690286679432
0.09719482191760015,0.38100118365400243,-0.009402805655101966
0.07734821527499836,0.4605963241970756,0.09874118281482115
-0.2643889890210486,0.4681284640558078,0.024124465062804357
-0.21668413213027726,0.30794695703258224,-0.03718005398269712
-0.2336760240354718,0.19782841934113088,-0.06118640947111108
-0.1969071245094601,0.4662610373328385,0.007924462670710704
-0.1502341782637974,0.3202953180833353,-0.026917157575278974
-0.1414715606328099,0.18912129928013294,-0.030631594392649
0.1470384209835919,0.19979905361811456,0.0027884226298133022
0.2423510278373045,0.37066621601581984,0.017612632653520758
-0.33143720741387506,0.4582200881701354,0.01875630350166752
-0.08782263302352161,0.21248466986174963,0.0027584697089342008
-0.3887110136978386,0.6036042223650819,0.00759839479846858
0.06541419629805129,0.366620664615981,-0.00022861510037577528
-0.3080526545930021,0.1501433441302534,-0.019599745080590862
-0.007760715218696958,0.4563629612805311,-0.0048645299543961865
0.08819803137471487,0.36358976848149027,0.02173304319352618
-0.37413288099804093,0.40488716287197535,0.0009304119379636584
-0.2778032522153205,0.32941100734904305,-0.030032473342391255
-0.327091712126111,0.4221510376948157,-0.006984919274718877
0.060144743564294376,0.19114366735192717,-0.06013902181957186
0.1970323683432368,0.4551309436829901,-0.008666605300846
0.11510079372247188,0.3803438141304973,0.07004237640247128
-0.1348950277716182,0.4051982984291772,0.07236940584309713
-0.128431922626338,0.32718945853039494,-0.027089548352527814
-0.333635576697513,0.23000888512413034,0.004812552030840945
0.27742461653822037,0.15296577060864866,-0.0011667998562776263
-0.2489341002920976,0.4175997993153447,-0.016468646130611365
-0.30261410666142696,0.23074864329303174,-0.044533578961608325
-0.21091038793677247,0.3167826457678688,0.01239742695467451
0.20241499758754203,0.30649164375150423,0.0387170479381664
-0.1803308339743888,0.3614224479203356,0.02431401385776077
-0.3208436109495815,0.21722842572088416,-0.019119229465883226
0.04622450260741034,0.36381824313468614,0.10019694483406115
0.11777566712498838,0.4888811631998821,0.0019036268743039208
0.17779103178587724,0.3674537622972461,0.0714667816246852
0.26849808835412564,0.4244335681054358,-0.015659280849335197
-0.15234123120311513,0.2721740570032354,0.0002992510051172641
-0.1624910070262703,0.37931835803759933,-0.02185024434106877
-0.2364588467729626,0.31642142071896,-0.03807986466788383
0.17028182741790535,0.37988264584966747,0.042269739935643265
-0.24050018430410966,0.5961650982495035,0.01753963255961623
-0.21118434280123027,0.5283226101861105,-0.007150046389746455
-0.19974443212673818,0.5164464665633043,-0.01375414458414653
-0.17211580680905517,0.13260583134720272,-0.06080699465236845
0.12731522183018004,0.4784234322062516,0.009259728353447393
-0.20491387652353177,0.370214446861617,0.03829578440996127
-0.18008764266068392,0.4009872254197572,0.009457021829880903
-0.0766091710605227,0.2557251941067791,0.046563142618663206
-0.3416216220351322,0.3406053369332686,-0.03273712052818361
-0.14501408423787862,0.36104033608639385,-0.019666612022387234
-0.06083095153778719,0.14414267023406646,0.04376587788737198
-0.22615518163991044,0.4836884874866089,-0.022425312360464286
-0.114733866042938,0.2988059495307604,0.011682694314507344
0.06027399786414034,0.17413931069348162,-0.03689896135295952
-0.3201010103528569,0.43347805622887686,0.0024787612634356525
-0.042703517873205615,0.1695627703089155,-0.0005205796524451207
0.3887427804534909,0.18099827454590056,0.014806058154193754
-0.1014086916586632,0.4375600873607399,-0.02706525747691363
-0.2822004312872089,0.3721761250011856,-0.012371662352379357
0.04341907508928948,0.17474850724188956,-0.016975889869040348
0.023976539612464143,0.3478160257402361,-0.03631111754488233
0.1211053433229009,0.26493496359934143,0.011507302787611999
-0.0003952090731150629,0.003778754766461485,-0.017425323693667432
0.2245774083722942,0.41197458224355227,-0.0002005006441859483
0.18671108900568997,0.19783413801464653,-0.01128345868343992
0.21116183943158023,0.1700808530259809,-0.03334822880365535
-0.3330061551452517,0.23534544912571195,2.7147221862096606e-05
-0.09195178214753305,0.4095131438642725,-0.04758149856179885
0.11598161910254043,0.3917808389235095,0.03208960032693229
0.1479661016549032,0.1679929198750678,0.030097255283731444
-0.20585568849601665,0.12259504814046185,-0.03661783877202554
-0.14435214526165843,0.1946227777141296,0.05442202198893616
-0.1893726437127555,0.09960856443144675,-0.013949678751584782
-0.02435996514957731,0.32453387719017435,-0.015190382943250421
0.11274110836366152,0.2800407946618301,0.0029409498358835442
-0.2573119189239674,0.08994790400405728,-0.031010622166087944
0.13157171364403772,0.4854243517269594,0.019141505283673012
-0.1114774178153949,0.4844544045811565,0.03338333343276233
-0.07166576734274326,0.5681121441105847,0.003697098390281354
0.11008998704536452,0.3367445210704892,0.023854523012895295
-0.22181892387359872,0.28740391333292464,-0.02709949696597901
0.09037684521589416,0.3156246238572926,-0.021061472533735148
0.034397771470072905,0.2594397450571678,-0.029265414989187256
-0.3465735995261258,0.4223035212677638,0.029571768581661544
-0.1952413340086102,0.38278545391453345,-0.03048178932775679
-0.21702407945837746,0.28615986378896097,0.024312459891486463
-0.20617744193175366,0.2901942603624125,-0.01935946444279893
-0.023444366493958917,0.6960273756403356,-0.025383525879867346
-0.047332385885378477,0.30336576478077054,-0.009443213343270137
-0.0949836391003026,0.4091717236784005,-0.006782792552424752
-0.026295921797183992,0.5337865636414483,0.01883368113331549
0.05370077747601107,0.35084051932774013,0.0014831540992771219
0.0917442801915997,0.2504471165756935,-0.023387777267403077
0.17474229678963635,0.38823677236099,0.00945836074573367
-0.10570428381355976,0.36159682541386534,0.009240776875339786
0.3027995999248206,0.3217985405485051,-0.003423240218661123
0.12317468855652015,0.3580595302285434,0.016820354316333472
0.22484741962897553,0.359199086990441,0.02477741939037565
-0.15614123071168434,0.29641683321938167,0.0635524898947671
-0.1563952305102934,0.3523747081365017,-0.010678420955834048
-0.13956509988180912,0.3492184727696975,0.0722545618685732
0.06629062266303946,0.5066867847029052,-0.0042575263048621964
-0.2699125753368984,0.3097828987509817,0.03705814708940328
0.29142699159969204,0.4596393602023855,-0.007515865344116787
-0.17864008603225906,0.42613653690055775,-0.0032185066794793607
0.1176994912708588,0.4667105290641831,-0.006450124396247337
-0.4076237111626285,0.31318957670422515,0.007195340056784464
-0.29976049263559845,0.4805777983981334,0.05407998405409623
0.2705322561807498,0.4477090031995202,0.03166201166106764
-0.1388403730043781,0.3889203625148672,-0.030079348790003343
-0.09005673144080804,0.3610016349736763,0.02828492046449889
-0.12164756739832745,0.4429319831943116,0.017711325813056022
-0.2545164382412171,0.35990387597399864,0.012957519657207608
0.03534552624277497,0.4562924376076784,-0.006180769425833161
0.09880693147140993,0.4414075467096576,-0.0060348775206328295
-0.1908921178920633,0.30751721287682743,0.001463965285943835
0.04160969661324713,0.7062996808399521,0.06544159930120004
0.0670348115910001,0.3547353285778226,-0.03672541490834559
-0.11363849799408568,0.567660526769646,0.01581601571712053
-0.25006141514612984,0.2135603857517641,-0.021098550127379725
-0.4028963026292077,0.40279087584268236,-0.0572778881882677
0.23715142309994694,0.5190653730327046,-0.00024242668760646928
-0.042372425757525686,0.4729134018849395,0.009614107979483684
-0.18442921240269214,0.14624228356571523,-0.022803843994795764
-0.3044182108765982,0.13178409428493307,-0.03147296436827287
0.14206946673373336,0.4768444507814166,0.04063692664722329
-0.19738887742974567,0.5102671012835579,0.02172410551192023
-0.4483947547648812,0.4823965829771273,0.013391733640289671
-0.2207320085590455,0.4580232931935011,0.011029650926425102
-0.288614640637811,0.3256959370643193,0.007298225344091922
0.0621009189388212,0.19346280947062042,0.007908104880429118
-0.3518038452949996,0.28244836632887443,0.04369164787242921
0.06854096883572747,0.31588486897252493,-0.007687132082029539
0.0006968908149069445,0.2299289605641789,-0.00855734631194139
-0.2495720122724817,0.44622655110300663,-0.012605700033479198
-0.1383923539825079,0.2861909350482157,0.02143319988460813
0.08448578736845093,0.29840831807784246,-0.02058559421288236
-0.041993343165043266,0.2987010815662041,-0.0043340302017913475
-0.07274250428942604,0.3794383271365114,0.005220598956086907
0.07377251824330157,0.4952600364225336,0.035741602975072236
-0.24946452534843486,0.2958186717311796,-0.027612659208727536
-0.27580803235559914,0.3359219176247655,-0.016475096871894915
-0.2014871715456733,0.3137358672356489,-0.018903767700867817
0.07767652336317485,0.2622033789258425,-0.013798894949477461
-0.21397639430108414,0.5360661051076852,-0.036556234926208485
-0.2970462441533917,0.3513385559143012,0.0024176823702891266
0.1671082219416429,0.6054279645333376,0.009852400510138078
0.07169453833613497,0.227108305936862,-0.011069379364871706
-0.1315887227194673,0.4734758773797477,0.019648947436386864
-0.13048914829572655,0.38823844438746424,0.07800546340449804
0.034957133351340076,0.3071008252526116,0.031385382208314584
0.07472418333016442,0.2538730430214656,-0.019924007805622566
-0.326749766310462,0.4783834289980084,0.0009289691304756883
0.10663187436403923,0.4161239951425853,-0.013392819099989258
-0.2964186687643788,0.3547772301956244,-0.015961464319476305
-0.045201221656764,0.37223953711545693,-0.028947378806104176
0.0869336013377969,0.4930555858144748,0.009919842982983908
0.025561707413633443,0.4199916180683648,-0.025072722690273892
-0.36863175428763534,0.234689867228705,-0.0014280649626936958
-0.0025101941476146435,0.40586496814811457,-0.002693241349606041
-0.25800568854527045,0.4191733966044192,0.014163974657904697
-0.13891199678868216,0.4774791641433856,0.03768537165625262
-0.056519137498729985,0.4196203699038045,0.008303933019522093
0.11224263976611375,0.42467321915501427,-0.0003996081062015772
0.0341478320968127,0.5217712097975801,0.0329255416266719
-0.04462971632527424,0.34560976897150303,0.006831197538158014
-0.025888579450040687,0.5821336822057085,-0.01118958801395065
-0.18280306061859014,0.4333035761072777,0.010669477424458888
-0.2845628038342996,0.3609017685420717,0.010043477312872178
0.052681294879961246,0.5211995801598324,0.037567665134085985
-0.030531059577820232,0.4994457251958493,-0.0241109081806748
0.0479303206338832,0.30088037785545285,0.0013558483414623209
-0.14157622754884674,0.6585699838364124,0.007316266214273966
-0.2472045484242921,0.42956226523884133,-0.0018806548138181384
0.057255627127587735,0.5076029115322477,0.062181964827862035
0.20673179296885721,0.5175290629566831,-0.03514479722007915
-0.1529046503375878,0.498331796648542,-0.009565255453587877
-0.09281659644928889,0.24618935650045126,0.021843662371091588
-0.18198139183463283,0.283272517640426,-0.018990648433929478
0.009007225618458839,0.592683113120601,0.013947719332986238
0.19440539499606396,0.35546809099971755,0.004249684028693024
-0.2789884277756338,0.3631071550333719,0.02311547682651832
0.017857649256836562,0.23946600523102896,-0.002987020648087194
0.22517811031576537,0.3550916945029873,-0.024422099225941074
-0.014632150916409835,0.35414045504944275,-0.010855804282428223
-0.10164127100294594,0.3624694938728749,0.007140549121483094
-0.13600081832156694,0.3317037172358602,-0.005367371485452929
-0.012948479968535443,0.5107205594803935,0.033162950108014004
0.2501829840532486,0.4581443269054672,-0.01857057992417576
-0.16250826910516705,0.44369633819875126,0.018335501022899
-0.15363870851900255,0.4892084558559844,0.04911680657636608
-0.12133372344813513,0.6228658585050377,0.052667673231607995
0.1668259239425309,0.4981384079396858,-0.01655498075490272
0.023582962329681274,0.5896369755363846,0.01406916136488814
-0.18307112608975257,0.33006069579563174,0.029213873108355836
-0.09897570684145715,0.1755577043838864,-0.009464009129221056
-0.12218759279533885,0.5959140793156982,0.031376731881051764
-0.05266430069089405,0.4909468708117528,0.029007394529947893
-0.1590270673535277,0.421697487679258,0.010467112408776846
-0.22969913724259505,0.4587225769436292,0.003979228076636452
0.051453438755949606,0.4756354062033545,0.026519941783280588
-0.1196204150281399,0.36926433477642956,-0.03840447256430098
-0.14627006975583906,0.4322638376009861,-0.029981385588873626
-0.030735044964848312,0.4735003964891841,0.010947411759246368
-0.1203772231177371,0.6413036350683845,0.05241584422699228
-0.010563665602076557,0.4466807892320537,0.0026101925702093857
-0.2083601909806642,0.1248272627099666,-0.03545292578251154
-0.16402910585311292,0.4280824963884263,-0.026369303070181406
-0.009698005450348978,0.4222003656516073,0.01945647818231629
0.1873511549987849,0.4020440295325531,0.03154552729148359
-0.13625813253798455,0.4162546008092953,0.0024783095555535916
-0.3091412043698962,0.3456861778695111,-0.012993532862767504
-0.05890690542675669,0.5037632709482922,0.012757564058001504
0.1505182431471611,0.3377228992993765,0.010944643115163218
-0.29110725569171886,0.6377398771453912,-0.022044233541720706
-0.16472598120167886,0.0971919789548256,-0.0618499602289729
-0.1354607498394319,0.06836743096818812,-0.0005212359093072523
0.06536543847403901,0.5269613196768449,-0.02705673501442977
-0.22880254569097916,0.616197172836938,0.08089846390040646
-0.11033988801562013,0.50622662127245,0.034233188475077704
-0.2925766412296106,0.24807900484894804,-0.03833546209053128
-0.11711093165584083,0.5096745092525766,-0.034714646074924235
-0.0063424691196736155,0.5995501339045605,0.025632319364249794
0.029017253495425967,0.6096871166758708,0.020233760981775494
0.1584745672758067,0.3337493961096856,0.02011398152255176
-0.32023711726228477,0.6702882890495107,-0.0019052363909179387
-0.16926405673702172,0.6757639469101321,-0.02081975930495837
-0.2034591012631913,0.5511254530962464,-0.04034445259953952
-0.09958885494882845,0.44799801436095293,-0.0047179377527513154
0.15680505067445752,0.6148619667898575,-0.0015968032325464968
-0.28535969146691925,0.3018303471515026,-0.0014871776277270413
-0.024171878313100224,0.680635229535868,-0.02321673089914904
-0.1499167124041706,0.3907803844418324,-0.006473107678125957
0.02584587937355779,0.44232451013965285,-0.004313827657805818
-0.11333199137222115,0.19018767547679055,-0.038327573360168135
-0.20978123255558728,0.2487467257323587,-0.015273819396865269
-0.16814144915433635,0.5490215759272301,0.010253844724801349
-0.020810339038337167,0.4333962578351739,-0.00273904338152434
-0.2022032382093739,0.6063921997896128,-4.9447273751001064e-05
-0.20213230420435715,0.689320327145604,0.013588249695989058
-0.12886807623631039,0.5025577651328111,0.022269637110879467
-0.1703607809792434,0.5921924964426879,0.008327699453490682
-0.0659040622127821,0.7620718331252174,0.03388799712453761
0.05484778339935222,0.4598441676767187,-4.1488925882058786e-05
0.037133941725977296,0.5592013177317132,0.02647980691591182
-0.2133774299588825,0.6577811828312148,-0.03402337684022821
-0.19720309331853664,0.5858887790093612,0.011127233271829752
-0.14334469423454002,0.4815478155694908,0.04216622819123464
-0.07900584843776741,0.4525388219874265,-0.019299759602464345
-0.0730911604214275,0.5824886583719924,-0.0007666585922783509
-0.17673878797417883,0.3665574085146743,0.04776157001853817
-0.21826281347446866,0.2633360676178909,0.02054362857591168
-0.08177720268028826,0.5994324918709885,-0.028099246655878464
-0.1515302353177434,0.38500487062232797,-0.01851703570323011
-0.19290803173867313,0.5362487737009055,-0.02411689649840696
-0.06991736185395873,0.4410141529401669,-0.011342383188448027
-0.33297729502510154,0.5198074603133318,0.033355348159560504
-0.1443344348289939,0.5878252301099133,-0.0004216409013422988
-0.08863605935805408,0.275876937623793,-0.0017984103892938219
-0.08579194931845967,0.6449897263725276,0.003316594020618835
0.003029817334294389,0.38970420073433215,0.019309607975238785
-0.11617236111709282,0.4789325207496713,0.01885539737267216
-0.2719166580331235,0.5040670710238703,-0.021076181688212826
-0.15275306615760975,0.6591616798823092,0.043293786109487434
0.029288357433751886,0.56391040654614,0.07163915693354984
-0.05132608999550411,0.4198471258413548,0.0751865324794409
0.12262615312996783,0.5381600893791674,-0.0008854370971199965
-0.3446532368584825,0.4382232061924806,0.03402878350823993
0.00836133368175335,0.42182321123558103,-0.044121026889626436
-0.06400559712166562,0.3598069233401878,-0.024258564801734286
0.0959165741818516,0.6721411932159762,0.022044007884065124
-0.055634013054638276,0.6512780543470682,-0.006602124592037606
-0.26871612958392566,0.4107447469948943,0.048740697873792496
-0.08171648486111384,0.4207031700824688,-0.0057171472892073045
-0.26835613929332225,0.4096193897342669,0.023883648838727428
0.13081052067469162,0.4674400719016718,0.01460308760498378
-0.2580735218244187,0.4557003387213396,-0.040344301829145474
-0.1527512328323642,0.4939081656518854,0.013483337663948929
-0.05618615879608392,0.5987927758686516,-0.0154205373951931
-0.030739664254830587,0.6361714605573103,0.03536079658085809
-0.1380132128309097,0.6327486137481098,0.020079061456774985
-0.07651050095734317,0.6630445643565583,0.02363200463084857
0.03685646302079424,0.6956962036960211,0.01063262362388471
0.04769964853565636,0.3764420643190629,-0.00046658258967779227
-0.2487966049850179,0.4021450940278848,0.06612301509450225
0.056202005874852745,0.5332280955848037,-0.004437507406595553
-0.19363447784492893,0.4731939802335489,0.021813506043524836
-0.11657086227781333,0.2817038690223714,0.03747898262683436
-0.16917643903011162,0.6333563548208809,0.011450244795056576
-0.2369878696325971,0.2488913877606029,0.04474517316456351
-0.21604938680693497,0.27267253683608456,0.0149293458518489
0.09565654812208528,0.7279828249685176,0.03069858648216273
-0.12294096349203948,0.24302223581449514,0.00017261048970164159
-0.035147196310513204,0.4977243152936836,0.02171616342987451
0.100738174048322,0.6072216893084457,0.008724698742504134
-0.1496541359660458,0.5311344180613846,0.013049041809122992
-0.07720649174850495,0.256759150079902,-0.02623338534782228
-0.32564737057026716,0.5395089219362988,0.016695157368041058
-0.2577903419854988,0.6967305381307816,0.011167892609667789
-0.09771572721813321,0.5368426840945616,-0.005213359710925255
0.010235705498819992,0.5461840127818852,0.006279224829616249
-0.1587814326076723,0.41697982781400966,-0.010318535293745663
-0.011837087966213631,0.6738789858836073,-0.0011483148104282136
-0.03679665693736539,0.437130303959968,0.03146877258968217
-0.003181212792474762,0.3775555863360486,0.029407987257721674
0.0837313656128087,0.5943069950662426,0.010530742454365612
-0.2250449934499011,0.6339908208357796,0.03015980678108705
-0.22580867558021894,0.3144594503555964,0.07555920413578099
-0.14344544373527518,0.4736715815917208,0.011503052748812585
-0.050933077481561784,0.7050274618181005,-0.01721220275916892
-0.2597425570543748,0.3589301453014411,0.0317107897316128
-0.291435315468086,0.4365200625727684,-0.01958197829918149
-0.21483374938516572,0.4783426621080114,-0.011991209140160617
-0.09201762768493177,0.43325146676577375,0.004838370812242968
-0.25770054925586716,0.6072741296825614,-0.0037190888641013007
-0.3618028000768129,0.7384650768509088,-0.027034318873168626
-0.24073073904891476,0.3607680526363602,0.018293381935363083
-0.09542954143693198,0.4830266183240579,-0.014900997875885072
-0.2895761498269257,0.4434074509278785,-0.012494113562375684
-0.06027444913785476,0.5346662897251124,-0.00392215706982887
-0.004540998526384063,0.5897343945737358,0.021215007757878733
0.039139912328151776,0.1230865879462694,-0.006999790160353963
-0.04411830929697586,0.6589046249933769,0.028197564074149126
-0.17657933657115985,0.5181896014642655,0.024812909912026018
-0.17110742539997692,0.21590784481929406,-0.022141683000221957
-0.05421785362205728,0.4876658890319997,0.00046773843327577527
-0.12800578460029946,0.4814670284461787,0.04542865725946156
-0.20549516828202033,0.5685161426313947,-0.01076753993840228
-0.33855898253179956,0.5405625615398573,-0.006697307098958302
-0.07955244749588174,0.4321487654504745,0.021896482396296144
-0.05415741879722569,0.5103525473352666,0.009942942499387777
-0.12895064615427304,0.581379760351863,0.035088584928288154
-0.07945235280742627,0.25533032382753884,0.028733268587800325
-0.162776502803723,0.6553163575136824,-0.021442808131950358
