-3.404182105762809107e-01,-1.601661754232625370e-02,6.576621610657809418e-03
-0.3082035252113908,-0.0846381965695806,0.09954568366953387
-0.29064987249227214,-0.028594116749923487,0.015546826061993882
-0.295993355050975,-0.031997370291108745,0.020543605535611548
-0.395361509471976,-0.07324567423423661,0.07313841810977675
-0.2903172889185488,-0.05145587056979269,0.03929993600900191
-0.41867708056140046,0.008717663956850369,-0.02651920262597355
-0.41412321866824137,-0.024374962587382688,0.012867872773700712
-0.3769123231653582,-0.0014790206169297024,-0.013191644188357568
-0.36723433944329353,0.007158249231080023,-0.03672906623796869
-0.378418612917154,-0.007551844854668414,0.017285705988807427
-0.2947271200078124,-0.008039235949635855,-0.015320861915908172
-0.3577161927919001,-0.021270680189314203,0.011702977037760189
-0.35916690726581646,-0.03513132058715266,0.04670132012425389
-0.40749323724709696,-0.011017997600667254,0.020474096958364
-0.3342276781322949,-0.02080233669862581,0.013359379612171091
-0.35782965724186905,-0.017946497743338306,0.007240152878881713
-0.3377125115808793,-0.028234691743285755,0.03919778404365819
-0.36791675635571036,-0.0149766227677887,0.01736361087357711
-0.32088769960292146,-0.03524052329700306,0.06863578203348558
-0.3509799514530042,-0.036964532917767134,0.05965483892766792
-0.3581815597564729,0.016040682445671743,-0.03827639406613852
-0.3891462832677463,-0.0020916824849146875,-0.005445840097055729
-0.3411320521537438,0.015631760341675197,-0.02350702554573704
-0.33625121776974054,-0.035921626893634116,0.043122339638951526
-0.3991270096767004,-0.027203905938374875,0.02918699190146723
-0.4011167126400624,-0.04926825956352247,0.09457671505718555
-0.383755081000773,-0.0063884531279824255,-0.00838270406835534
-0.3391935902439818,0.004573460901625889,-0.007556964923729323
-0.425454819598296,0.009313909171336095,-0.019301824266987233
-0.38674436028238246,-0.03388001980404003,0.03887233872743786
-0.2989421821642099,-0.003353387702872116,0.014122583535647815
-0.33612430464485826,-0.008530703958983752,0.004504891773369856
-0.3695793444380788,-0.04019281904323126,0.05876513834552801
-0.42466146441031927,-0.03485135876394768,0.024079360573696845
-0.3690430336120932,-0.010746211185286264,-0.008385234588453852
-0.33953765995951724,0.0055525695846648645,-0.015825974703768723
-0.32601085533517926,-0.01780474224046502,0.026210940274494842
-0.37457791172044363,0.010687634944096518,-0.02867721041396014
-0.3441443053843645,-0.02131949569603817,0.01690221567867924
-0.4250479731570908,0.0295851200622914,-0.05210828102977123
-0.3534835004099374,-0.002734778807754187,-0.009853795596894482
-0.39972895376338746,-0.03276933862949218,0.04213392108173401
-0.3607181620351904,-0.024220874348957727,0.019882972498993914
-0.3456705796134602,0.012303302649684334,-0.04057838970474067
-0.37090004603916277,-0.02215785931799915,0.035531051205808566
-0.3502463512599456,-0.008281040268745907,-0.0007434479960376381
-0.3200768952276976,-0.014696580534267872,0.008177271203432134
-0.4121546538726243,-0.00031269429708030006,-0.009851076782487986
-0.3842322608742912,0.015756553248961722,-0.033414815565361265
-0.4534087136541481,0.002465971510338325,-0.02524704069997751
-0.35293334356464456,0.009588725478466302,-0.024980245863467972
-0.4247314105150524,0.011980037548345824,-0.03217387045645279
-0.3897571463820377,-0.014755128467669219,0.00012094573913951716
-0.485975296097189,0.015632979508743695,-0.04646140972372324
-0.3157406010910939,-0.0006559323338145448,-0.019733284096625767
-0.42986673669826675,0.02203807983282681,-0.05745433554206216
-0.42607414823748274,-0.018752700593499805,0.01742550218171949
-0.3208840565256028,-0.0075867730776104265,-0.004055354332019775
-0.3583127216088684,0.0010864009751442288,-0.013973739883038912
-0.3677565206361123,0.008575587806049731,-0.015866678579210567
-0.38149276698010803,-0.022558982706519397,0.010244993596936687
-0.39619415683262654,-0.02092455330108928,0.02496614665534996
-0.3338101039580636,0.0011856866092273598,-0.02619885733182448
-0.4197530595221225,-0.008091195736335438,0.02737832740052176
-0.3527284479829061,-0.02224354275185029,0.03155022554439235
-0.4223446565899427,-0.02216407920774817,0.023283119535050082
-0.3924238121146706,-0.0150941036144571,0.011417761174043119
-0.43122050763320485,-0.022193618921124546,0.00806351002768764
-0.3563956186908335,-0.02599477386779362,0.03974921362738035
-0.547684076491472,-0.017739715807884523,0.0035507347544698883
-0.21470530954930736,-0.04935377703753135,0.03763835894205048
-0.4547728843661789,-0.01581733031264888,0.002731335760903389
-0.4083186096076119,0.016787780099320446,-0.027992991689027306
-0.3955714212812588,0.006955657658642837,-0.02149830500116005
-0.36273979193934536,0.0020438254055897232,-0.0062405083612386125
-0.3381265018451254,0.0017615414547145938,-0.017839034991153316
-0.4214717234229859,-0.019631179072071823,0.03820884924538128
-0.3868359596459398,0.0010677652392539073,-0.012269890189541261
-0.3721772586535749,-0.005981974478432485,-0.00868889613250823
-0.39260080375831685,0.0018148852452575168,-0.00440270621816637
-0.34383628958683593,0.0025107149391941372,-0.017084531625701477
-0.4748607929407128,0.2569105629771705,0.11594614127360175
-0.4321678054836688,-0.013438635361177785,0.009049115099406743
-0.41973286792532793,-0.009451209709689396,-0.008142521628536143
-0.40133248290503337,-0.03661334751162304,0.04707494813269892
-0.4072937705557821,0.00999680303793432,-0.03092662277290425
-0.4578718938702481,0.006304920558018409,-0.006602045680528795
-0.3974104062070743,0.008951793287971322,-0.02009867976483317
-0.3930959429118343,0.0029520996001230534,-0.02136361736613169
-0.5135599508534043,0.001985477807872261,-0.027296401711420174
-0.35123929550698785,-0.010351193685086928,0.012556578582265887
-0.313283908716895,-0.00956653657998579,0.01144973234198501
-0.6133743663361283,-0.02461113337144888,0.010066324092053698
-0.5428261545879886,0.2302688559067907,0.0825003789167139
-0.43088149074663284,0.0069504642748244826,0.004586250616542908
-0.4573519465666472,0.001645765124599755,-0.005897295517782317
-0.4174788766760509,0.019153506728511207,-0.01561419578734981
-0.41844844002299597,-0.021379007258517525,0.0474917763874466
-0.38547101872356687,-0.001384983796920527,-0.013757847278621737
-0.3817746391588224,-0.004001504221111756,-0.019074605802494315
-0.384192386220149,-0.028609127184846688,0.03299381585899558
-0.3861589225343997,-0.016655699888473523,0.03741718460262639
-0.39740860030675657,-0.008025094942992982,0.0042890418081031065
-0.4540675327082501,-0.0022401259227247472,-0.009898692908653101
-0.485088455855281,-0.002848587728777488,-0.014211958703653872
-0.39270916602527667,0.004610435513958901,-0.01939037623515241
-0.37484240618510967,0.002784016898177249,-0.023425564257220297
-0.4104700937773591,-0.0046171992466245695,0.014932500616106681
-0.4585097914409581,0.003987690683069731,-0.00986792839310674
-0.36563017216984,-0.011324189244822279,0.0023086620199221654
-0.4647798852504154,0.0017280426469562687,0.02743085584118457
-0.458763496243908,0.01631358261309367,-0.016795686336995776
-0.4550840304210772,-0.013637943389865393,0.014672972068085606
-0.39150424078181556,-0.01600031681629517,0.035247714991887766
-0.4740268036318609,-0.0024806782774909088,-0.010917436968780173
-0.40451272045685766,-0.0252635154638671,0.02936019682751247
-0.4188646213104272,-0.01369603587431051,0.0061867952798649005
-0.31756211078013097,-0.017549424343100736,0.02367205983333848
-0.4158921574538428,-0.005950893964459304,0.009769061681619326
-0.34208761899951284,-0.023915381947300425,0.0224453830951579
-0.4031033849445751,0.0004093467902851024,-0.024310306379370563
-0.40230640244441,-0.022221548895666132,0.020185489852052572
-0.4762529438418908,-0.0017284005238104385,-0.01202933771053328
-0.3703265538282747,0.015024200490075981,-0.03732373435136865
-0.4830803048498615,0.012991378626079278,-0.023341789928524207
-0.4648522117052097,-0.01687001606850604,0.019807284110024807
-0.3503126253329676,-0.0043710556739635165,-0.014576552650929218
-0.4038388101471008,0.003087366262641312,-0.007444353909769183
-0.3873097182516131,0.007329248621899436,-0.0017422027745630396
-0.3371097949712153,0.011655634872533533,-0.018890006151672672
-0.2916933079776938,-0.000981312850282476,0.0030763431168157798
-0.4890578325774798,0.009946884634182024,-0.027066876639661477
-0.35164683295772614,-0.01892708907471014,0.027293965430411564
-0.2189948131894088,-0.024819229807478558,0.013637248015104946
-0.38483615045927205,-0.0005991775236693493,-0.011476374441837524
-0.4144923176328458,0.0010733859442134607,0.00010609124362390157
-0.41988157498515294,-0.01668992547087045,0.013678600264856207
-0.449506620338296,0.002696923372893081,-0.01726542947817335
-0.429579299106382,-0.001949967656828243,-0.008454700600059267
-0.43990122975125684,-0.012674575006697263,0.009260007562839326
-0.366542793115703,0.006734153186598824,-0.020388038239657773
-0.2565478645886826,-0.020697704724943294,0.0358233084378642
-0.370189146634433,-0.012442689282732174,0.008827775662892688
-0.4109787495955283,-0.005252208207470452,0.0032784908943762968
-0.4573546032764562,0.002596395115510995,-0.006674277121504886
-0.4925752509936749,-0.008810749124309724,-0.00245585512185312
-0.4863277268381305,0.23875584068098116,0.094246565993071
-0.3937427947171375,0.0017248219416003468,0.007289478846527762
-0.4363862983845517,0.005297739883983917,-0.01567755979737121
-0.32223976727679693,0.012802721507165866,-0.00012363633956542644
-0.4366846887791792,0.002754664594512012,-0.0152241014072137
-0.4143607096419292,0.008170494089322843,-0.025403915751227833
-0.3496612149050829,-0.008911261401045778,0.005198590501289714
-0.4262185105950535,-0.01893240267307366,0.0154001353195989
-0.31489970287981145,-0.015113310182566479,0.020382314042445056
-0.488017517549639,0.009288622285111084,-0.026330054728605827
-0.3716931857238555,-0.0291567908851963,0.016638636217419695
-0.3901014240667475,-0.006326466962558858,0.006056517383487555
-0.3716266469511373,-0.007186384580480584,-0.0026016348110779763
-0.3931800574359525,0.00406495902401078,0.0024123335172663227
-0.27140502090887636,-0.014460994245776546,0.009032787343944932
-0.36057986011028637,-0.01817691890185837,0.021250761560555165
-0.3637322240777988,-0.020492857018917118,0.01761588150453873
-0.44681924780909626,-0.02137319684426121,0.030455642167659676
-0.41219900603684617,-0.007439326670481129,0.00822969788745883
-0.4952337477313958,0.009514084118685458,-0.024617224041755703
-0.4361372790377303,0.00852516471416059,-0.018107983740497473
-0.42845815407325943,0.0033619621173315356,0.005007472419305511
-0.4620933274760993,0.008262005605292302,-0.020652906774081343
-0.17668315591436776,-0.011343391538348083,0.0029470930923979205
-0.3597484795042253,-0.005433434200996668,0.009972770949482235
-0.4924488060849929,0.0018610624830482899,-0.0019071035507142906
-0.22218149167949477,-0.017580951138338102,0.022320606130611903
-0.4696350622292944,0.004158970326872263,-0.013823179914595835
-0.40613840440880417,-0.006469639263532249,0.012181412737956266
-0.4559059535972751,-0.005631915981593289,0.004495220468277025
-0.4380172450065086,0.013447228570475173,-0.018139932545873923
-0.29281636990597143,-0.004908275713577694,-0.006614055548449551
-0.4183743430118068,0.01201630419196802,-0.014024150243786495
-0.41179596348104314,-0.00039310038256945806,-0.014231522562475462
-0.42091652892528886,0.015536056001597616,-0.014546584419141459
-0.38405168026589326,0.004819481907709319,-0.018541885725617532
-0.4229381098880037,-0.014293677293114338,0.013998473186618867
-0.43954284996375975,0.007884567623398894,-0.022072212589233475
-0.4122545188187575,0.005898475375448384,-0.0036514185092954687
-0.425470732971978,-0.010957112648617146,0.01521975774545971
-0.3647641404862631,-0.010150906470314615,0.008203671588626085
-0.3128371616697609,0.008736333954372226,-0.010542912565674125
-0.6137148737801807,0.1548116568172427,0.06778730390798893
-0.4179214395970223,-0.0036402354717936436,0.007285198717679103
-0.42128080097978166,0.0160762421246507,-0.0035860850044741478
-0.41727959888003013,-0.006781220203118892,0.011175298205224612
-0.4119697006240009,-0.007326994076235634,0.0020289779857826594
-0.31323112709123974,-0.008829569996448945,0.011257259564609922
-0.6146826657011871,0.0034541693889553445,-0.0003773498673103166
-0.4820783470895799,0.0018775864877763472,-0.002764893764860788
-0.43497875782214646,-0.01254124306993769,0.01802801762007801
-0.4265282184865763,-0.003823018521981061,-0.0038076925818431133
-0.3918543339652658,-0.0024729633780402947,-0.006990641992522593
-0.44059207350940277,0.0005945211704447498,-0.007202327179347153
-0.5248333961688537,0.0073807670560942186,-0.006780367774747821
-0.3471898892387219,-0.008434667351609313,0.004792828919396426
-0.5225231966677508,0.01354766830719011,-0.0199650782107088
-0.43663664219570886,-0.009958464489515876,0.016531910897273298
-0.3733249877174564,-0.004667761630132947,0.002721604607340509
-0.5272565228202469,0.007292060413884059,-0.013325276332003666
-0.3958109975944048,0.011592308085421847,-0.016083551661793278
-0.41464497226865127,0.006726278675124632,-0.023795856100159815
-0.3339447556680149,-0.005579179983319429,0.003277216947815486
-0.3328720753568432,-0.0066402443452737,-0.0003827195559557529
-0.3765017524718864,0.0023251541543305504,-0.016792839621011472
-0.38643473917234444,0.0008470302135921265,-0.022118561428502
-0.32776779377627513,-0.010219825410268146,0.0076518790850170874
-0.34783371202118196,-0.0006049799892056697,-0.0072312258756805125
-0.353687882635126,0.008936346811803865,-0.01127311239333513
-0.3622977936231381,-0.003844148050159634,0.007753619653486063
-0.3181866319882837,-0.014657174757380863,0.01445903378778424
-0.4981465792483096,0.009931668936572576,-0.014610983495320437
-0.34840323049919336,-0.0014212044708554578,0.001149117145281811
-0.3437838469342981,-0.01599184406844362,0.01828140810608453
-0.4472396658282604,-0.012930622456935905,0.016350508033469567
-0.4556477928062975,-0.010956013493583137,0.0071109890185322095
-0.3663747814829155,0.007994653254869881,-0.011989425037526308
-0.42512348867717914,0.0037415833386645015,-0.006300042452988547
-0.23287141304484155,-0.0023043392809310257,-0.003975747888297105
-0.3121039103485214,-0.008276553496861894,0.000142213143797849
-0.17445343603264685,-0.01835543620588533,0.019489596091376207
-0.35680420451126404,-0.005731325330911994,-0.007947226978730374
-0.34959574242317515,-0.003141473901150004,0.0019463093682821515
-0.377996250566316,0.006147602774549404,-0.01946464412402297
-0.3875268886223478,0.003536449774348653,-0.018383927927700904
-0.36371734163552116,0.013455351458126574,0.006664646863496466
-0.317872812681845,0.005894762549348761,-0.012948832457616076
-0.3812094643932262,-0.005828981312089,0.01434215617952412
-0.23833774473739364,-0.011509080936633087,0.012520983231840834
-0.3418368670074958,-0.009446789572169984,0.012929633504721717
-0.43923006083303284,0.005910630300491813,-0.02114702969532693
-0.4389659570452413,0.005120831378047532,0.014659928471157694
-0.3140778346195514,-0.01550383882357699,0.009974137407935754
-0.2714530897499168,0.007427480833479196,-0.00627761612205494
-0.456353508253536,-0.005776955412404112,-0.002283912474198744
-0.43296456787827525,0.004096706933855465,-0.013142102180031895
-0.352123005573758,-0.0010991302154799,-0.004048923905086385
-0.4379927683091566,0.020390244913443663,-0.04294907676574555
-0.35999059551933,0.0017688617509160624,-0.00397294535899408
-0.25082342452258893,0.011204348283658737,-0.003176365782671594
-0.3624590271546265,-0.010325987771865663,0.0034696744781522538
-0.28958164264295605,-0.003601807698667207,-0.0001773379991771854
-0.37655235938768167,0.002633035740999449,0.005632731057135316
-0.2892360417187588,-0.0006320677448432441,-0.005011668095826334
-0.4805606077444714,0.004587283816498221,-0.013141787163784632
-0.3550834678603194,0.003010758175654124,-0.010005369366468392
-0.3300180623082395,-0.006715299278072405,0.0075349739251956175
-0.2922909148225235,0.0007336610835863367,-0.0010313046074491748
-0.4604156492027976,-0.0019402236764989563,-0.0005699355209262958
-0.3634629047361744,-0.007659519134683256,0.0014740559367796837
-0.33353412828396134,-0.003298291842207598,0.0022290579922881353
-0.4041823903450186,-0.005634126293542426,0.0020005263537891107
-0.3673051015967493,-0.0059518839095700285,0.009044920252927984
-0.36053230757944016,-0.00863244928543172,0.018976868449392194
-0.26280499429378634,-0.006726774543011551,0.008134848728080714
-0.3979385605034909,0.008753607897206438,-0.009184315097443725
-0.15095433461295346,-0.0024255846044045405,-0.011363878489311013
-0.4356135045889362,0.0013204416954042339,-0.009864749134177857
-0.29784699453725694,-0.008481290090288507,0.00655129019560717
-0.4680563099830738,-0.0015063123053116482,-0.005254201996629761
-0.31460153540736063,-0.008254623412028816,0.009079181165131312
-0.4548191151662004,0.004131917278122934,-0.00854230766007243
-0.3174625710587177,0.0018412778741594945,-0.011853434612813412
-0.1754239333884582,-0.001453021232106356,-0.006984944094361231
-0.268554050454618,-0.004021079352380533,-0.0029163687690112383
-0.2923891928268394,0.00439588614172469,-0.01195996826702966
-0.3164734777525601,0.004524114863723785,-0.010361834242571527
-0.16328586741912365,-0.007377166475486019,0.0006936106624511656
-0.3438641239385722,-0.0024958037897739776,0.0023216147620703518
-0.33959458892481165,0.004917927865601872,0.0018747673251519313
-0.25440518885985597,0.003934690328879464,-0.0059735032817747405
-0.27468329879816866,-0.006031821101966748,-0.00016995464771642552
-0.3107559365495924,0.00023842578264457104,-0.0060011273253934
-0.30942921459955675,-0.0012259638888332343,-0.0086513474015308
-0.42466837979258354,0.012510905030903501,-0.015413108765083791
-0.2468038837453529,-0.0014871489068610066,-0.0065628976928579046
-0.3462964808937596,0.004866890919467196,0.0052272511209448536
-0.3767878964124062,-0.0005295594244683183,-0.012217160645486315
-0.305851932095456,-0.002065789446424718,0.013863946246702487
-0.25109727796814724,-0.001680304190068563,0.0057909238850967475
-0.13307288084097182,-0.009485683330424292,-0.0017120205993884808
-0.30532897693197875,0.005640727204866178,-0.014757965856711715
-0.2540732178033967,-0.0019630981725518117,-0.0007601542197549799
-0.4954765167726223,-0.0039742639086594814,-0.0011252738964336636
-0.305762424974042,-0.0003706523822010551,-0.011264651914867517
-0.25268601971453164,-0.0015144059722623756,-0.0018689771161172414
-0.2734143136230628,-0.0004345386523638118,-0.008654838001475304
-0.3569484010668036,0.011095111857454461,-0.0015472621065886832
-0.38839227175850766,0.008413258739265026,-0.003954036916945259
-0.1781321833870223,0.00893595567200819,0.007805595848229469
-0.27968996656216083,0.0029761176214219208,0.01568040540175105
-0.17761688561160688,-0.010992086642473978,0.005699520318566299
-0.24660047610357444,-0.0045683912466875035,0.005004577599192506
-0.24353258147853404,-0.00410425260754069,-0.003475485455907891
-0.29389051778853253,-0.007915109338997922,0.006240642327854387
-0.211589286078808,-0.0076960274712626125,-0.0047170511704510395
-0.3439169229874384,0.0038738721105438154,-0.011011107347548654
-0.2958937017729499,0.005939448137540082,-0.019237105331667656
-0.32536145269700667,0.005654933932990053,-0.01028095557752132
-0.385159029576849,0.0031617800715997083,0.003388083902911504
-0.18498603764945723,-0.0024356904883825535,-0.005384497165044912
-0.374998882352224,0.005006122545066492,-0.009408824582860088
-0.4327191621918188,-0.009843163529244029,0.01016181618775529
-0.3508738094570856,-0.009966639189448978,0.007843076718682382
-0.3240647221463804,0.010773285996156337,-0.0031349103345691227
-0.2706010668246189,-0.006649075005890268,0.002762817186091561
-0.3632366681567216,0.0029310635287143685,-0.015353285049714472
-0.29867648614826053,-0.001686759164487354,-0.007087062417586252
-0.41352591361410257,0.012196426020682445,-0.017749301389741
-0.2771547649771829,0.005494219007774898,-0.0013283100076324351
-0.29759712582287035,-0.004457303923515044,0.0008313257110820123
-0.4153625683331886,0.0021784598697219965,-0.011179710216501373
-0.2175888238230342,0.0033501459087262393,-0.015040999182191369
-0.2533306656348614,0.0015177663688218362,-0.002315899375156048
-0.29454390144444964,0.005745865312415976,-0.010947527989454822
-0.4328402184429306,0.005888615586412289,-0.008043497442201276
-0.2658338348312285,-0.011879911209019392,0.007224271996669889
-0.26126769068015443,0.006018572350172069,-0.014239357322661106
-0.3377543793236378,-0.0046049909653278105,0.0018596137007785042
-0.3683385142398446,0.004228147266671892,-0.01080778867164947
-0.34355509943692597,0.006620548437118885,-0.01398900172456219
-0.2572823534241081,-0.00041973122218344586,-0.0025965094148949035
-0.16061053083401108,-0.002634860733293948,0.011859486391445071
-0.3126691750733934,0.004519399619136345,-0.011714940979450552
-0.17825937268868697,0.007951367529563377,-0.005951282349564126
-0.2080861696239776,0.00962548386344255,-0.009225870768228386
-0.14466099941434216,-0.004140841700115955,0.01161099956770801
-0.4662335845548397,0.008322229698850412,-0.019117728132220835
-0.2131091099424152,-0.0070623962698933345,0.007966527566531724
-0.272379734811925,-0.0052190510747428046,0.006912999864088632
-0.4075344861414752,0.0013825292998124713,-0.002927395831615161
-0.10929611272165747,-0.00971984032626788,0.011338660695749615
-0.21797183867048603,0.006290569216953376,0.004106382955232221
-0.20580293894719678,0.006946002173470827,-0.013537795039180851
-0.23890439986679884,-0.012325379845776986,0.017798852009660495
-0.288231437520453,0.005438904609095412,-0.010305912956841011
-0.2668779450116772,0.00196973509391116,-0.007172814249244844
-0.32020744219540614,0.0025887838835797886,-0.010849106132032951
-0.22530918594956334,0.00036263437381360184,-0.0018125231923883714
-0.2962197222745053,-0.001763684243273021,-0.003736875689211511
-0.32594133920231605,0.005798604012808728,-0.014044412785033012
-0.3312571590933038,0.0050242996922589015,-0.01456116276871642
-0.16801803765457105,0.02158443500333948,-0.005321764373722119
-0.2625081543052464,-0.0010004802414144073,0.005456859853661733
-0.2757127864809704,0.014157363915697191,-0.013685413537034659
-0.31806907913074356,-0.0007045387845710896,-0.00442292170884554
-0.34667386220985763,-0.004359623395850136,0.003748486384003658
-0.35684554824350695,-0.007345587069691123,0.0052664000217304925
-0.26139530060695637,0.004528072503020083,-0.008481105037292604
-0.355425464522554,-0.0005233878577291258,-0.006088090888390907
-0.29718121635042644,0.0025414405876265514,0.0031479256909492342
-0.14046074738561942,0.003226027725807961,-0.012263622149521617
-0.22120290780697402,-0.0027208259800923606,-0.0048121288986039314
-0.24384356302470564,-0.002422348412418402,-0.005056552997948972
-0.16115207158758707,-0.0056205049081520355,0.006893272951273875
-0.12718779844737865,-0.011719182969605647,0.01665114266014853
-0.3510613576260826,0.003344307663032394,-0.009515001874775629
-0.27853579871457934,0.1282402442926381,0.04998862436554121
-0.19128704632665763,0.001861408681885357,-0.00427646479354401
-0.17835506354192127,0.008449202941073734,0.005257223052335245
-0.23310474920816396,0.014849720270384998,-0.0031271123273273415
-0.16218456171992643,0.0049060048483594056,-0.01238349806457807
-0.2466874208185574,0.0008588220722815582,-0.00912248039456141
-0.1422191069782422,0.007652872465768403,-0.00505334665366537
-0.21398718586509594,-0.0009235283615013139,-0.0029407482180957845
-0.20579218962294593,-0.0008579586516062939,-0.00194904152840015
-0.11454915826181362,0.005277913854349793,0.00844145962045984
-0.2504581564602617,-0.00303072861683209,-0.0033407323243074363
-0.1824562820652009,-0.00305972006812844,-0.004556297694130696
-0.24800878817225516,0.005041067256047301,0.0025570136034761006
-0.2614675135535692,-0.0008590888316384023,-0.0031212141447118247
-0.17317356109868962,-0.003345613485723322,-0.002124868828848968
-0.20100805032709912,0.010926868603822913,-0.013970340503960715
-0.20926797401162203,0.003083677227909599,-0.00717954679040415
-0.3065517477395801,-0.008558183802918342,0.008427962887732999
-0.1890213597828072,0.011048034553778084,0.0018767180542886785
-0.19781608774970205,-0.0007559576496729396,-0.004321910465047439
-0.1971752439257744,-0.002586298295360235,-0.0015322396981468575
-0.15628525427526674,-0.002703178383034264,0.003391498708509652
-0.2872823435832202,0.002556975735267998,-0.009833493396949777
-0.13304421245790116,0.0005375115334760577,1.821165251747002e-05
-0.2796083719838562,0.0008461043169322298,0.004080725315428345
-0.23180807954771,0.00772512371801502,-0.005124280271752183
-0.1472591528979325,-0.0019864112974992826,-0.003489298043176026
-0.04083974659593975,0.0033114065104652168,-0.014147815859565769
-0.1210372260375165,0.003739897078449322,-0.01298941096366062
-0.25662862835629374,-4.014130062275613e-05,-0.0007699209967777198
-0.13165868243609596,-0.0004551367023296145,0.0007601218879702236
-0.32483243135173123,-0.0029856469883671,0.0018145439040807806
-0.31086224360200887,0.0025255680977306167,-0.007966355357069318
-0.26931024501110484,0.007583413877905059,-0.00914094659578139
-0.10501694538355939,0.0003752324105046476,0.00809899605970894
-0.242346965142977,0.009893899057535563,-0.007310041359845965
-0.264750494737473,0.003050754888085296,-0.009718006496157285
-0.13483364477442983,0.005022749840296592,-0.0032129649848414736
-0.1586033559475837,0.004357507157173078,-0.011055237261497292
-0.2108001159303304,-0.005256145912020671,0.002639124883085213
-0.1432089116998099,-0.0023166395558613484,0.002252065874382434
-0.14067497667484294,0.003153627541325166,-0.008274462706255648
-0.08154847829011175,-0.000799215886692697,0.0011579182315058492
0.1162851937372294,0.0013572372049545128,-0.008143863814686424
-0.060752043460865275,-0.000231160451510596,-0.005174536923465966
-0.030356554313839212,-0.0004576566227789293,-0.0012836474128318095
-0.3008700925183188,0.006838633365368831,-0.004487773497104852
-0.22303441472993085,-0.0021925300605309082,0.00019346701887100777
-0.3004669813780729,-0.0021784348731415655,-0.007795603907710602
-0.25378521213697597,-0.0005846160180604404,-0.008458386212435762
0.03621414753604124,-0.002681505705145607,0.003223386269481178
-0.2115318383921258,-0.00643161279293444,-0.008241167095610279
-0.10992383503387297,0.00581091812842765,-0.008817656150528512
-0.1269174625295662,-0.0030268129359129607,0.00026162907817056647
-0.2450043474207156,0.001962709136910301,-0.005818754414908225
-0.15915584149097442,-0.0001307229708787261,-0.0003165516473993331
-0.1277026988619141,-0.0019330702167665629,0.0017617789990651922
-0.15810167616798568,-0.0019302149355422532,0.00783193391845305
-0.31245044968654406,-0.0016294588398853348,-0.004093814312307772
-0.1713632016184624,-0.002336341850345053,0.004078470900933249
-0.1493886116344825,0.0030395622555985063,-0.00945242711234037
-0.1745664226512587,0.0030718678863953753,-0.0010520273225845154
-0.2148215499936752,0.007752298289059142,-0.012858032554431291
-0.1142015652239898,-0.0017454648886690767,-0.0027917506039232686
-0.18884230854088255,0.0066593994984274485,0.011998079066150968
-0.08382596329522721,-0.004152876756877423,0.004921963294205
-0.16369599607523794,0.0043236842961576994,-0.00958263594340531
-0.11597851073196642,-0.00038927943930019537,-0.001210789740909817
-0.07421570497578969,0.01589626101255055,-0.0021123673957808733
-0.04799686927135146,-0.0019560613292397937,0.0015984536618031174
-0.10255612743418167,-0.007772474340913352,0.010006896293055591
-0.24993456199665,0.004671923850906888,0.00473218374310752
0.04601530704966239,-0.003988406387245187,-0.001698800198553351
0.04060148907707252,0.004209371419133548,-0.0013011583820964434
0.14302650227754723,-0.0015864611325339456,0.007394996538449368
-0.0155230990574208,0.002828997469292325,-0.011084227904372725
-0.34156150875687086,0.003533606771541138,-0.010213338675409661
-0.12755459010497192,-0.009946507081965924,0.007346976507006247
0.014192053317913626,-0.008290627535569,0.006741431382492596
-0.14479253680905563,-0.002403404966331321,0.0013881681667115703
-0.1581907927226934,0.0026541731727514786,-0.005184250908306492
-0.06286194854970426,-0.0006118971863082562,-0.004474989425173113
0.005701205512679945,-0.0012155508562469478,0.0012931121674162297
-0.1587140721966243,0.007735216605032756,0.00845896749792886
-0.06554473999212548,0.0003403061540385911,-0.01006653117690414
-0.0019563754482845035,-0.001499616288766592,-0.004952914659228829
-0.32530177092078566,0.008057373597017463,-0.007476608123845089
-0.2723231442803349,-0.00037349829409987975,-0.003977934763001977
-0.07836939436734872,-0.010439816528009049,0.007902609040431318
-0.10212076969565664,-0.001082915026782451,-0.005786450689754755
-0.11743339438618135,0.0011130344395628424,-0.007676336498700153
-0.11155842115318247,-0.0003943071168533085,-0.005580488945652618
-0.14830315967441224,0.005062525022844357,-0.014440049535410622
-0.2623212198124764,-0.004625097618590223,-0.010064685110255897
-0.1411680974384731,0.005025539011780211,-0.013379555632723453
-0.1084404212374625,0.0019888665027505267,-0.004215007657806497
-0.10901170465746703,-0.0009115034554857539,-0.008017985822684074
-0.19536689585286096,-0.0060401108811657285,0.008889552246278822
-0.2842771983621382,0.006203621079952289,-0.010982428925295808
-0.039535414414606174,0.0018346491152158406,-0.007293213831823762
-0.17427797103084308,-0.008205394081622523,0.007418529036243869
0.379177750408984,0.0008565572355810789,-0.0011731703270171686
-0.21669943568670363,0.0029863156380103275,-0.011016355907954285
-0.08554238820334437,-0.005653697842265018,-0.0012397254540440846
-0.2301558473258338,0.008478851692470828,9.257518077082572e-05
-0.1212057984080559,0.0022641481255462415,0.0038465948658464
0.014855624202094157,-0.004354838748187056,0.0036420980592156414
-0.20547406274234126,0.004389518272217216,-0.01116568889549917
-0.1245539852309046,0.002958517185833341,-0.005945280093295301
-0.14171328345384318,-0.012156065041924643,0.004371692853850738
-0.1361295071361226,0.0023365903508274803,-0.01316232797127561
-0.08570240497836444,-0.001388761155078143,-0.003582212254696661
-0.08772407873250136,-0.00591038872456085,0.004915804490177148
-0.15125667540441634,0.00016042872930400228,-0.0035166834491541466
-0.12920120921081682,0.008141414416470028,-0.0016497044881039476
-0.0296746222871258,-0.006908720421303378,0.003723564429782593
-0.03532342560905907,-0.006089851223850908,0.0023637228941660398
-0.08983232348341023,0.0018486107428130323,-0.006681120241126236
-0.06797808004560403,-0.0003974242420643255,-0.001864038010406833
-0.10709328252706432,0.0010489033500889137,-0.007536876109127763
-0.2579840909027078,0.0035142532584060923,-0.001531447296484597
0.08994322886694901,0.0016146691128925003,-0.00709213479082565
-0.09029058007086592,0.007165921309603965,-0.00936379935782216
0.03127733646052494,-2.2583886137083803e-05,-0.004316351070713781
-0.034472254001263254,-0.002000108793646107,0.0009294276496303031
-0.131871994314194,-0.00254439447604853,0.00567595848264249
-0.19734375087188957,0.0014652864769847047,-0.0017467241359950937
-0.012555731837033086,0.0013396791674978347,-0.005936106982280993
-0.2434135623647079,0.004270049191570253,-0.012246357148691123
-0.2282056119097787,0.009020480610363809,-0.003651013512922953
-0.31554791424842404,0.01219827920604181,-0.00521921300456187
-0.261762670767239,0.010292151878363251,-0.007436346693188247
-0.21067148787074572,0.0021876425403430043,-0.0009238174308924818
-0.06248991220181975,-0.0036731317655771525,-0.00015240978852357193
-0.004324969957323348,-0.004652985706402348,0.0028377577148975177
-0.22419851445231076,0.0030006505681005225,-0.004135502469726698
0.05615961739859654,0.0010968980059895578,-0.006709330216552573
0.10207639898671245,-0.000673368490380093,-0.0007027922235980559
-0.14867436038654397,0.0070770863988079465,-0.00018982670389994054
-0.16299128585706296,0.0011541650564748259,-0.006513164129554912
-0.15508997684141526,-0.004249600141960077,0.0019829819809258843
0.10417047654229032,0.0050593542851555965,-0.008937103929585176
-0.1591461813820235,9.593168799982547e-05,0.003190327551108069
-0.21494146260047886,0.011383992424241101,0.006605213419427762
-0.13151725700516365,-0.0005465822297042052,-0.0049148208911246735
0.04544352669783208,-0.005350895607366381,0.0018680779994223813
-0.1378422790675687,-0.0026724633404111814,0.0028686015186545465
-0.0095518515135504,0.002087082640306376,-0.004269233397969317
-0.14203097358935826,-0.00224350564469207,0.0057124097331963
-0.06174841667023207,-0.003394463030454585,-0.000696862577518859
-0.1384686058710165,-0.005477519278381,0.003975544469918275
0.05886095487848555,0.009755190986383399,-0.00972152895191787
-0.14203963781934878,0.00015964410319130277,-0.007088882792835228
-0.02514483808579191,0.0016045719306187333,-0.006857565289925161
-0.014555628182324759,-0.0034197828685552964,0.002763161259099633
-0.04649545703443824,0.007653098185909681,-0.006749989262774866
-0.16808974750794384,0.000699041525302732,-0.003923441843064538
0.038327327979675176,-4.414948808612772e-05,-0.004328172616912765
-0.17353477189804967,-0.00015096314209069077,-0.003981823575198763
-0.17126966177896882,-0.005750052899282265,0.007685543231993692
-0.14388928693987424,0.0016475927332627103,-0.0026412395761166627
-0.09050751682112064,-0.0055410046896781475,0.0009257239534937898
-0.20785704777511238,-0.0015902743949735845,-0.003256978427865593
0.034559850897514885,-0.0008122689045798022,0.0028514131678063436
0.17296671244502274,-0.011249216812259289,0.011359537438219366
-0.08233536387545638,0.0022772046701188134,-0.010546569250376576
0.040640351887577884,-0.0039636918737070235,-0.001094901741788018
0.0013260497671907453,0.014734561614905297,0.009251810570642734
-0.15116466918296947,0.001256241604573771,-0.005495866973989227
0.01114105279816437,0.001719438478550534,-0.0021250593519969514
0.023708648680793046,-0.0004440820433578073,-0.005167646392867132
-0.13374491491756574,-0.0029229204647074607,0.001429320568453995
0.05790896113074211,-0.0001318548000490769,-0.006183814474576768
0.11336558117361033,0.0024026523345134897,0.011954239419973506
0.048290759030042804,-0.004730686588284355,0.011745823470922179
0.14299356792401602,0.0035824946968000945,-0.011851564308671913
-0.13773931630748976,0.0010712223827447527,0.0029394795534222477
-0.10728939219602177,0.0030127833672056775,-0.003726827992150282
-0.14407114015588127,0.0017130803353683523,-0.004895413550438891
-0.1090868692639704,-0.0008143198380428875,-0.006639736051614416
0.02133307290527716,-0.0021991036773368875,-6.706411484039606e-05
-0.021975991287801297,-0.003911350211844074,0.011405636876724344
0.07593213910304387,-0.0028759087790092355,0.0016076560913187111
-0.015624748994441263,0.0002227697856380188,-0.0005384821609754697
-0.09674343558358559,-0.007569187005180527,0.005510447816867415
-0.06833669253966876,0.00028640274626881557,-0.0034519332217686854
-0.008619943644538716,-0.007752429011722983,0.0033672763250664896
0.027686591370968197,0.005896821824693259,-0.008368197672671437
-0.05309502199852507,-0.002296365052526172,0.004109848090983169
-0.03767093726728855,0.03005653338217241,0.005338546159122297
0.11808417397154787,-0.005519822877515889,0.005328384771289161
-0.049355187932598396,0.0004455874341978204,-0.0052883975055846594
0.04815064455498264,0.005485469718140361,0.0040188910678863555
0.0017003587305593022,0.0023652899380800325,-0.003788532319888706
-0.06636211277049353,0.0016637780655277524,-0.0038607462278159553
-0.06256662881749248,0.0017196757337503469,-0.0017822336029866168
0.08643800920728271,-0.003435234860775119,0.0021836590907874367
-0.03002171534261804,0.001290506592949731,-0.005203898696402492
0.08155589661637111,0.0018277894145179105,-0.0032494983766757535
0.224503103440121,-9.623343929918912e-05,0.0035440095307955493
-0.07479641042477775,-0.004970769026743648,0.008587193960217723
0.114911924885881,0.0017036714292911555,-0.009869097159627107
-0.17210655176849954,0.00555653765391083,0.0023388837547467555
-0.018906448932824445,-0.000554814133377809,0.004354846254942175
0.07804675137848391,-0.0034338864522430617,0.0021033231210981856
-0.21750596540929,0.0017409669253189027,-0.004274494411340007
-0.09873894834031845,-0.0017173362178359217,-0.0012968617912760513
-0.001767267795497575,-0.004691240227468289,0.0011069054823576907
0.006195059934323864,-0.0016741961570149858,0.00047912203705240564
-0.06475025805873601,0.0017680264110017231,-0.004389670992236639
0.16680906655818759,-0.004241946685626025,-0.0013405480626712879
0.08100697017118726,-0.002806585456049909,0.00637321380507012
-0.07624990620325797,-0.0025029933073399614,0.0017033003701509184
0.11539884941949033,-0.0031012436667020794,0.0036435271818360338
-0.100186879342938,0.010425166156793824,-0.009342389101806415
0.10285553846582861,-0.0004533417126339997,0.0010984236442845839
-0.06980866867333743,0.0023041522096817943,-0.011062478695790589
0.10909680861739833,0.0050779118337881115,0.0023281048910994296
0.0129199803847854,0.011549029334275877,-0.000904151570384809
0.295616522759712,0.005741965801559428,-0.0025834058316238466
-0.08123050155941876,0.011286686805260187,0.0012661273811094046
0.10145679347863887,0.001125925246712272,-0.002158771328699947
-0.009343742970284872,0.00468606978236786,-0.0031369907361330548
-0.00924580263142434,0.0007882705436873586,-0.003480391341492792
0.06570132064573456,-0.0006222649727124891,-0.0040452720667029695
0.0889199846572211,0.0018360568673121765,0.0008350392165290436
-0.0012602429403933474,0.0004979138080859272,-0.0016020362113914816
-0.01972945216459076,-0.001517444220582935,0.003907980924410507
-0.09342124270540825,0.003135912117655617,-0.000692084581252139
0.025155753485942282,0.0017856607076282274,0.0002228453523378924
0.06250933166414513,0.0021171398007740084,-0.0021000693582836874
0.07949413300200243,-0.00303541470041723,0.007584140388981908
-0.1680835240593651,0.0020236515553483493,-0.00942384942992914
-0.08050662834107772,0.0017831357633650376,-0.006209644827790851
0.013288041660763313,-2.615408725262639e-05,-0.0045353995514360755
0.10528852696568487,-0.008026641703046457,0.007318388047347225
-0.01016993478133989,0.001683246410851986,-0.002200224855877254
-0.006963323484046748,-0.008005652090963692,0.00621828951063734
-0.1155957487454621,-0.00041307093174589536,-0.0020701765463459728
-0.0439299494479946,-0.0002490094094059555,-0.00013188314989647418
0.010761318750048474,-0.0003563820347219566,-0.005687665254598063
0.06695452412624,0.002280757104444283,-0.00440985032674906
0.09198661353551363,-0.00434616432030091,0.0026079580015301394
0.07084052680531235,0.001097655372256768,-0.0018395010642927984
0.07702150624776018,-9.062051390951225e-05,-0.003976311693780678
0.042151429790558116,0.0044707357743344065,0.0036384213569166978
0.1268654806553485,0.0058446820126167275,-0.008179996451175744
-0.0717224787956028,0.010055320976515762,-0.005199403695641977
-0.06979792247308798,-0.0004572769012501991,-0.0016985833505752898
0.002719031636320738,0.004223453649430675,-0.008848342005718206
0.11526555404225865,0.0024730711546437265,-0.003129123064440762
0.1932699487577028,-0.0033870060993677923,0.00448569411418804
-0.13918773106421486,0.012967270087906744,-0.00036220756932651467
0.03944414892793765,-0.0008181173753451795,0.0005533913799226935
0.2687395717217044,-0.0014219008968097027,0.007930092427718721
0.18524152197244415,0.0016551972026235104,-0.0068081099609495575
-0.006341526260176091,0.0008260184677169377,-0.0018326554245275308
-0.057103753448860366,-0.0012084338117115023,0.005787355361048612
0.1559140015265254,0.004107716213241364,-0.005878664714100584
0.0591888498671664,0.0011349333461930222,0.008789733277271552
0.041783992055099715,-0.0013910560033612287,-0.00102519374848976
0.1305082504709226,0.003646820826249904,-0.00968496172951181
0.1563119579862269,0.001397157639969475,-0.0070438806734843045
-0.07549435227953613,0.00214384110047889,-0.0034074319655922366
0.10651687030599268,0.001604268054414054,-0.0007233805289732925
0.08365521943708477,0.0010236538620221488,-0.00461115522294476
0.20269775393890174,-0.005396323703222944,0.0011724783541469837
0.09354566312913969,0.0013853721891416084,-0.0009107369690511767
0.13303522510026952,-0.005787124340448041,0.0019275717614795922
0.07364896143708186,0.0005665313873693135,-0.009827366568383065
0.10912910225805217,0.0022547357883277762,-0.004532258466263865
-0.035233339520552395,-0.0021682975391389405,0.0008525670474670912
0.1483486698121976,0.0028164805512684078,-0.007538870057163586
0.12102603142303328,-0.0058974023289591095,0.006589879688352063
-0.06728391746356735,0.0021117853032982747,-0.008929127049291522
0.20808763224787077,-0.0038971996193289437,0.0010235408302136817
0.10843184595260556,0.001965129063942944,-0.0040344160809611595
0.1805299241894873,0.0025609278995675044,0.0027724585827515044
0.19431873220615783,-0.002187115652022485,0.00011372083050618803
0.22170820373150332,0.0010660888533677625,-0.0049542362709116584
0.10608876811590376,-0.0008360560791117338,0.001184532765841086
0.0797080647651817,0.004865249337096914,-0.0007711717237754745
0.12758387678923405,0.0003330697190473651,-0.004795973869969309
0.17167501543392685,0.0020261589200191335,-0.0057021989056152845
0.1472988447258822,-0.005332087055510953,0.007855498822981038
0.018667869686675623,0.006622561052913032,-0.002436214127617256
0.08894739687068465,0.0006631838367960458,-0.007556697281703982
0.02058410720384763,-0.002493274931350529,0.0028428416201833873
0.2233152092344674,-0.0003848607425299109,-0.0031811786775212876
-0.03585160454294846,0.004100694923826384,-0.00842824274542709
0.10499002052518884,0.00015056916656374758,0.000671669237580917
0.3552147253643628,-0.0035094803363953874,0.0007885520607750287
-0.06246521426069668,-0.0031128790389958745,-0.003148233626393169
0.20429244919437184,0.0033394895728075962,0.0004960023900209179
-0.12984495339317348,0.010924321910181407,-0.0035743428364199553
0.04959954943747142,-0.0009714564270090124,-0.0032014673590171367
0.3859814841791826,-0.005378740320584175,0.0044675034345966575
0.09566200740613405,0.0019876645662776538,2.649934298817525e-05
0.15567407929342358,0.0066026759244426445,-0.0025277304332755345
0.1908591956336841,-0.002296268437049562,0.006585861153032961
0.2028549838396121,-0.0017536395378692038,-0.0014399281190575523
0.19637183296952487,-0.002788189865819744,0.005300251463864536
0.1453732362945038,-0.002315565622457647,0.0044840504248438605
0.011989872136142663,0.0013718725957722212,-0.0003603188250119655
0.028680693103137606,-0.0016988820993950368,-0.0019416718235717645
0.240191912804233,-0.004693211425530165,0.005007395670441761
0.16607341556026306,0.0034806186726672717,-0.00503780947723045
0.15880037592159224,0.00015078225223079644,-0.005450881416037306
0.1022249886793445,-0.0008027863478884308,-0.0005525664890191955
0.10449624125768206,0.0011786065244418608,-0.007677644157785523
0.06852863559247277,0.001057673352120635,-0.001647586461834422
0.1083968983472608,-0.0007986325525929547,-0.002693307304662959
0.167631683680861,-0.004955767560826448,0.001473546845061355
0.07261770288841687,0.0020145551315215024,-0.0048921103499711144
0.016233405554574826,0.0018686175711981766,-0.011809291952562999
-0.021409404151626368,0.0017649813374125765,-0.0076653183038768394
0.1362141674464518,-0.003161323687889184,-0.0018146239988836009
0.2074314231071522,-0.004638268982053049,0.0014858872829330233
0.055121504753433644,-0.0026308913180023512,0.002695763932710495
0.08695406614268851,0.00316102134088409,-0.010075454675209228
0.11488195167517137,-0.009564755882172551,0.011470466070577235
0.13589094937275736,-0.0006208813315380448,0.0022796952376124236
0.07861013532834202,0.00788398479013527,-0.001464822714252528
0.08192062730270402,0.0020963945271997835,-0.004999071829242262
0.14904450184870355,-0.0018397279819920903,0.001297896414806872
0.06953274945196374,-0.0036716590834141288,0.0015235307364292482
0.3746686086307662,-0.002133170304440063,0.0027001029647728734
0.11159831753428104,-0.0019407417061874062,0.001361771085948608
0.09420575586193657,-0.005045400428819719,0.00494860463070584
0.1724808204444411,0.0018054120839387441,-0.005134070321899102
0.06665913008804682,0.005088091968290112,-0.008482320823013827
0.15378301881676595,0.002206204400211018,0.006630025522036636
0.09746787225573557,0.0015287822640568346,-0.002871346245723148
0.17592655622490375,-0.0028105529137773004,0.0034521057909275813
0.12249192610103113,0.002093071797045888,0.002895231426439801
-0.044101776063928635,0.003457672419446044,-0.005803209443017912
0.1010038338618056,0.005977094120524483,-0.004860847179604231
0.06372240349329679,0.004578162666071691,-0.0014393758693912323
0.12947603400680688,-0.0025661089729288804,0.0017896994018655817
0.31407750854361466,0.0021221901875532545,-0.005034829372858206
0.14335031560502545,0.006059536574522111,-0.005320914487095592
0.1404195194264433,0.000328843207360615,-0.000559332370127349
0.07149413350364509,0.001554210781013866,0.002248676111151268
0.38189670331509556,-0.00297576555732392,0.0025520665758568773
0.30899578821597057,-0.0032595349148390345,0.011688015724889174
0.19873674146353132,-0.0009190150445098016,-0.002376115292917964
0.2754987161983641,-0.0007654848001640847,0.0038831612465802866
0.18439191244635003,-0.002345108477442149,0.0011964588593337596
0.04764657165210679,0.0030652191222291206,-0.004683339615424483
0.11356276266844526,-0.0006918687099115666,-0.0030745661351120122
0.06670522604996292,0.0008573062151183072,-0.002672908946482589
0.2406849835643526,-0.0022259499357569425,-0.001972359591364616
0.1937269767080323,-0.0004423648278416617,-0.0041591092336768
0.23902518635142306,-0.007425565872548389,0.0078059052908009624
0.006759829868252918,-0.002825166379504291,0.0008232519997261559
0.20940132154802246,0.002018300351570028,0.0007936311964337137
0.1139540867929328,0.0006908953113917099,-0.004698434972529133
0.09311911318676169,0.0018238863948817987,-0.0012673680066229444
0.1567591539369918,0.002062788673272163,-0.007082021938958741
0.1082045689272624,-0.0019897877130805376,0.00029793359811659467
0.03989071897693613,0.0005738575863859417,-0.0029736204398865774
0.06295955729585204,-0.0037741899149285048,0.0017859565376527296
0.2954941469989318,0.007262613846643341,0.0011860890639264858
0.2820459669694164,0.006673452591144894,-0.0011037964672134019
0.4151192957727699,-0.0027950276614231847,0.0023874788133539057
0.19843632032919567,-0.0005716467984258905,-0.00016479415159031195
0.2325891406843773,0.004427069379813733,0.0010570094371451766
0.020701519353448928,0.0012170888888153764,-0.0028913535741190268
0.32742297344081767,0.0013543256034722552,0.00040381873547048797
0.24085194347559075,-8.484612612501362e-06,-0.0025152294708634146
0.11441992557322242,0.05232704720459533,0.01766817187973591
0.17725191567571874,0.0015887084646358618,-0.004269601309677518
0.27063852119052195,0.0007301671177062109,0.0009514505390217393
0.1737864373206221,0.0060244957019335976,0.0024054466622784863
0.19696580816521933,0.0032885383541514396,0.008879389533938017
0.17820594666960846,-0.002661347667077028,-0.00030347982099156797
0.08276440521558456,0.008685488636339124,-0.0065886987187124685
0.16588190453257753,0.002614900274659756,-0.006437879690658947
0.23328885148698275,0.0004551275607711328,0.001081404408322698
0.28673065040681595,-0.003682063356884658,0.005240167974859793
0.03470203086662908,-0.00095098071334696,0.00012219828238209694
0.024289730220993847,-0.0004123680831365767,-0.002639880775044212
0.21542124440774893,0.003739527362270925,-0.0064807780503787285
0.1574278423843251,0.0004124911603909945,-0.004607935450137856
0.2748028529717203,-0.003320938609452654,-0.002361068811499659
0.145363338557075,0.0018667974801246981,0.0006208257476413154
0.18981241841872193,-0.00231019274672828,0.0007192621222658984
0.2416023992879796,0.003367851626926364,0.0003695046221836956
0.29214280681883686,-0.00023879824618455747,0.004427046146798549
0.19776941782418841,0.004169061583839088,0.007712522000012825
0.22105947686802205,0.003417107848411638,0.0011624506423758506
0.16004193613974446,0.0024277059968301484,-0.0059764131674124735
0.33989638872275973,-0.003868244656049395,0.004321405811875958
0.01265591805076337,0.0020962966433944984,-0.00608308308058323
0.1397418668678166,0.0023012679042996934,-0.008159057419030162
0.3044353107525449,0.00013165454905214027,-0.0014615238898954468
0.2969780016614021,0.0007061647983751735,-0.00023585968810276665
0.04521081892716376,0.00046542592058154063,-0.006612519465663351
0.17265830299783907,-0.0031090085192086118,0.001645067476138649
0.11518347058167568,0.001014939237997582,-0.006323292584328467
-0.019539496597447418,0.0057673414649863095,-0.006027100257889654
0.2377140098007957,-0.001225130984821805,0.0024933585842174433
0.2328105483701453,0.001623892682404795,-0.004354370763565032
0.22437422047643168,0.002220536544784712,-0.005917638322731117
0.4314415805776475,0.0015028976887245245,-0.0037693255738363188
0.13485834291734866,-0.00046614331367404396,-0.001801148076085341
0.04435500602561417,-0.0006017822472518418,-0.0025915514227480025
0.30304598897054397,0.0034029123684422044,-0.005746324051182375
-0.009474787515611085,0.003238925626362521,-0.0004248158057446082
0.010096311969712016,0.0024396077329303075,-0.008138011511488344
0.18562174994985073,-0.0029786134091213876,0.0019293697277489813
0.19915714059382367,-0.0005289735793180949,-0.0029024693443445975
0.11909142018052744,-0.0010825716214610504,-0.0012111082958367171
0.038159468053167084,-0.00038690731864876,-0.0015853163429622712
0.3113914270455744,-0.005396240877299598,0.008250040706709164
0.23885576337466555,0.005243662203309862,-0.0017429562085394357
0.1559438671019109,0.0014128982974233246,0.0018484074570786718
0.13202250222690576,0.0047314928252422325,-0.0028019451458055665
0.02591642267116668,0.004026645886945957,-0.003090663224482628
0.09441763630179574,0.016615089527272493,0.005012635456430418
0.1814978825890683,-0.0026850724874874195,0.0028303897027103725
0.11598414188394465,-0.0004571588422987556,0.0006188928299587105
0.2634616155959473,-4.3502937750832e-05,0.00035172043558029213
0.28601555723801503,-0.0005704902375769514,0.001915749269108349
0.2970798812661527,-0.0011099082185633748,0.000307916446965713
0.3317815354791066,-0.0018641551727791108,0.0025219577033315805
0.2743820698609559,0.006196183375872638,-0.004034908874107482
0.20293596633904837,0.003001273900176833,-0.005927485885939414
0.13762248955228273,0.0068266534462263035,0.0031322466489639867
0.17712913693128313,0.0030849505932506187,-0.0015472846320075933
-0.009117926146216895,-0.0039002936219451846,-0.00013862594390499973
-0.04743706455373429,-4.4961053152294244e-05,-0.0013883110592335698
0.10224987959860339,-0.00235209368576576,0.0018342027367324292
0.19733536137737043,-0.003662031307236393,0.001829918820176052
0.19194925733924134,0.004183020759358339,-0.0036867953963058806
0.34901450328233946,-0.0006439826395006033,-0.0018690712633272454
0.21777217212557465,0.00032238346536801185,-0.0023593946311197406
0.08106423366158234,-0.0006450013299842918,-0.002694287923328948
0.3099168946241396,0.005901893419613153,0.008605772914455091
0.21295375294558305,0.0010522802328214362,-0.0019676240190806197
0.18156447357007202,0.0004214397987065559,-0.0007135864262586462
0.34498979175644406,-0.0001180028445625795,0.0025526425170843145
0.2590492075440757,-0.004211648393259621,0.002925745680028815
0.343267239770489,-0.0008310001755259517,-0.0019810447678310665
0.24659913778782014,0.0019241621609611833,-0.003678040925538731
0.26005167540759616,-0.0007102635185933559,-0.0020364313261823567
-0.06289687809867939,0.0005982512008419538,-0.005797961118159824
0.355352386138377,-0.000774633635468384,0.0009037168249550053
0.2958075214575227,0.0015379870028849694,-0.005818268693605849
0.15978015381147728,0.0007515632931556507,-0.0044025885677073115
0.10748264621522519,0.0005861469101461884,-0.004165812163899497
0.36794622377436736,0.0006961187017281219,-0.0017811810475831268
0.2883076435749124,-0.000484421701854984,-0.0022747134845317587
0.18443547579400163,-0.002274685036868524,0.0017367839781481423
0.16185286089911397,9.287580869364176e-05,-0.0018824063191170727
0.37449360535833937,-0.00425849255814447,0.004454154167516378
0.30628354341894803,-0.002465875324939927,0.003922839908639876
0.4217549935904171,-0.0028002403207487846,0.0020685854036342254
0.12451270255882008,0.0033133206630989124,-0.008760603676259466
0.3939360626453881,0.002638680425891141,-0.0010289099978252315
0.23426198381912966,0.001636055689533826,-0.003281783206248838
0.23168793414379746,-0.005371253973628598,0.005462563442133287
0.049074407264800245,0.0009620062386258777,-0.004053171194303199
0.05797564843771056,0.0019636545678458975,-0.0012881569803699664
0.3186987285977317,-0.0023779961802600697,0.0034776855154986506
0.05038399704628857,-0.005322850214099232,0.006325397428046144
0.2019083529949197,0.0032309307957157124,-0.00378311010303689
0.24041785233276766,-0.0033572398487754468,0.007804942951056417
0.1211730859930469,0.0006992407592341219,-0.004799256933399807
0.35082399400065284,-0.00270936450287184,0.0030633601710478107
0.4399061889232022,-0.007998954892994426,0.007484751496284196
0.4784905542623562,-0.0010449164345549167,0.0013865591570837248
0.15555654978559244,0.0033940620699665163,-0.0021625426577610257
0.17163177033669452,0.00021598217758819787,0.0006214386275370025
0.5162249813167117,0.000445248058793484,0.0033143680586873235
0.318781903643806,-0.001310073378631629,0.004183721119118458
0.44018039148474125,0.0005616794841526397,-9.5914104433766e-05
0.11701857208273182,0.00023816936321159127,-0.0020946029836859674
0.4415902459760608,0.0020847114841013713,-0.00515990500544794
0.26383451010737236,-0.001639891520941513,0.0026359786111017657
0.1638535212692136,-0.0010075155418865155,0.0017279516833645047
0.11297548074387187,0.0015389508463831438,-0.0024695950143456026
0.17289420354214394,0.0025671351212158875,-0.0063980169393506965
0.23493196681580206,0.0018714685873006504,-0.0033202074126115443
0.26895452271871023,0.002791688853101235,-0.0033166827987543106
0.3208113284441683,-0.0025407100322651526,0.006605663581487828
0.2990137208048109,-0.0011339632747539,0.002173462818145714
0.2200854466932379,0.001376076494691597,-0.0007543499226745494
0.4237333499234548,-0.0033542833094550133,0.004512935799623138
0.2288265422529158,-0.003940284833492998,0.006282950646369988
0.3442184504205029,-0.0049055940350276415,0.0030178089923498246
0.3892857554023076,0.0030942167135513204,-0.00019055456188420036
0.33444474067245444,-0.0007450520834130057,-0.0012125542995123277
0.3771595349296215,0.0024835621482849532,-0.002240660038801532
0.513617796167493,0.0038648183363160843,-0.001130860666620781
0.2838029920867853,0.0030306447091841275,-0.0022212208286043395
0.3557703911764279,0.0032839020803919518,-0.001259551070939603
0.17190843767752367,0.00529142361580565,-0.0036588878445340633
0.4722599319478081,-0.001260517796795868,0.008648474569302707
0.4592145675925847,-0.0045146032387115035,0.005166262628946733
0.3907699132807694,0.00195952089318584,-0.0032336393642440923
0.25199976671085234,0.003275067503663288,-0.0013581099217762453
0.3381316121849452,-0.0017827032390424922,0.00357003802959986
0.35417522487234165,0.001224642666634828,-0.003141943152564467
0.2850814856231092,0.0018417089474053441,-0.004839277111446439
0.3822424294390422,-0.0015280060983260877,-0.0011266262356674356
0.23808520677883294,-0.0011712771400408776,-0.0016528970869664331
0.19949505443775623,0.00227516708571905,-0.0067776412319075765
0.28473358182479186,-0.0024438086519234605,-0.001652129735487189
0.5204433526929799,-0.0037713097227550533,0.0029614649319064804
0.08161979620229848,-0.004212440911002467,0.00152146806269216
0.336574081824057,0.0007549310923028626,-0.00265589388588967
0.37262325133312657,0.001520252614789142,-0.0028291694990032084
0.3355492106421252,0.0006475692898127954,-0.00043834356997954636
0.4281062430422927,-0.0007408422033069824,-0.001679305803202981
0.17111227600675166,0.0017177790100887103,1.1720058345113913e-05
0.20871439741707007,-0.0011752639504691198,0.002347690328561581
0.12083477863278398,0.00040919628368491016,0.0005906254202996604
0.369065956969809,-0.001460214926886805,0.004844132617759364
0.2915588334162244,0.002990136158745909,-0.006184473496710916
0.23624039514929726,0.0019190360282717272,0.0017968315450243774
-0.004717100505124448,0.006292718531387224,-0.004600917239328148
0.1905701695489056,0.000989742046351134,-0.006589667826221255
0.4419363146787612,0.0038563203218357936,-0.0009209659009309912
0.34520270771812983,-0.0022946155342728194,0.0001244996744916694
0.15670864332582335,-0.0017018060847828888,-0.00034586919038359165
0.30377027192833167,-0.0007304593477720369,2.442380125548991e-06
0.20236671337866083,-0.002046688742334348,-0.0006145323385150967
0.3088195280030938,-0.003463988214838676,0.00413874697241114
0.5125504411268543,-0.0006162375300298557,0.0007808927650255102
0.2925139228178161,0.00020384286983415463,0.0019908155692614964
0.41656207705538584,0.002312600960329355,0.0030448119156578574
0.5469362059935718,0.002373659657551491,0.003184543933350327
0.14352136490844078,-0.000719992050312569,-0.0008938454631462123
0.2992056300954835,-0.0013128719356206733,0.0006364081958393052
0.33867053774042444,-0.0026269482453876755,0.004359350502991926
0.31220413771758715,-0.001572216788894896,0.002719268126994528
0.3193801732601945,-0.0018878313186078007,0.0014101972258211682
0.3884274127306377,0.0013469551608502437,0.0010516788084553427
0.29081949928008527,0.000568607278603634,-0.003410872614430821
0.29301108683569355,0.0002412180144272868,-0.0002460700885445264
0.28350907682781346,0.001882316776724886,-0.0011833884048615842
0.4569787083422835,-0.0007114040515597554,0.0011856339406753076
0.3136760081136329,0.005580747416228997,0.003109908499829449
0.5157264419525402,-0.002667361961638748,0.0024000551086902277
0.4107290963099268,-0.0013546332859272446,0.003214005679383208
0.19897525411810776,-0.0010550319121429856,0.0013139622777271023
0.3003378220900457,-0.0001293254889399405,0.004423469873662621
0.2813816023259125,-0.0012581264590575598,4.30733491239108e-05
0.4930913364925262,0.0024580202267766127,0.0006540640334272198
0.2673852910372173,0.00032891526223310653,0.00032551410691874654
0.3846619943038761,0.0018215712710449496,-0.0021425095569768352
0.4780222469808937,-0.0006338550684964788,0.004139712328472536
0.3664011659971613,0.006567953853493089,0.001728088300694023
0.4023092793394035,-0.0007492360543223815,0.00523293218583331
0.19660155460909726,0.006103227612999673,-0.0028774925536718806
0.4155960399589845,0.003136012031876725,0.004552961693257783
0.4569425281053684,-0.0024224320279201835,0.003240007460471655
0.5568564738690255,0.002457988675884128,-0.0023771939038805243
0.32566316098254444,-0.0004595545350961607,0.007425523111970834
0.3986362947782026,0.0009172886362980455,-0.001194966627622673
0.2736872788615582,-0.00091365729470554,0.004455744088643046
0.2842376534059142,0.005495796041777402,-0.008592948589344462
0.4794270542052116,-0.0001776156386582276,-0.0020567946772233033
0.2854733878441891,0.0019246739807372735,-0.0010052281238546131
0.23268676822917445,-0.0012354719375563866,-0.0029514555704390362
0.37003023877528646,0.0014962278131030406,-0.0026001553576007357
0.4535657339161236,-0.0033868210642341513,0.0037648203525597617
0.16343894786884675,0.0023416759878726098,-0.0010481853947611698
0.3246296034460133,-0.001691769177098805,0.0024374440319724373
0.2951736834702041,-0.004065780677614056,0.0006692552758522817
0.5025259087791628,-0.0033681316025678015,0.001886436819862284
0.4737788321363556,0.0054408529606514554,0.003006695266233613
0.1944971394154045,0.0047516833491171645,-0.0066102342813525216
0.5037709771871259,-0.00517489881423345,0.006539030447126644
0.2299361917715175,0.0029263706871161463,0.0012505862785312366
0.321924251205994,0.00023782149242028306,-0.001992963275924742
0.20506818688768166,0.002270690807394883,-0.002066364358074396
0.3067496083397431,-0.005247091787312413,0.005383384178570216
0.5349846672388463,-0.0010313859909743047,-2.643527210307864e-06
0.5106657201772952,0.0045647263374032476,-0.008623142367654893
0.3991365017493175,-0.0012825241861582864,0.001415484400061432
0.346953709720523,0.004605699069622378,-0.005755870388224685
0.3182726033692745,0.001137526249174104,-0.0018337208210820227
0.2585225787047866,0.0013181697732083323,8.986478786010721e-06
0.3602497067057282,0.0032775338418702237,-0.004411032878156567
0.27868860208860624,0.00028200662053083875,-0.003066854980891231
0.37593238183859407,-0.0004335038912035219,0.0011147677405601124
0.12168098424818274,0.004347130803452729,-0.005160516758928903
0.3376488811739197,-0.00100618914266999,-0.0012148448517691575
0.32647471541144885,0.0013627958174768106,-0.004622799376759751
0.23739469527860785,-0.0016092217621905553,0.00040566224108584014
0.3357873948258481,0.0006983147154865423,0.0004239989148818777
0.35713541615618793,0.0011360980357048864,-0.0017728740825551548
0.5912474483082296,-0.0018482893513728847,0.004167396867304179
0.2554669797524906,0.0005471540085279744,0.0018718756684666848
0.5277916179704697,0.008286262827525545,0.004796955758389767
0.30765711544092156,-0.0040563100201313,0.002588024874009427
0.44329480148387185,-0.00013414472238611454,0.006841702741285131
0.4297626746090035,0.006178798073574135,-0.0039033372852180165
0.35979496620618223,0.0022215499851838427,-0.00486904125889663
0.3733358647942212,-0.002048262423358194,0.00025856010382871203
0.29063412444661774,0.0032140633222071673,-0.005469513945093193
0.30230075728795225,-0.0007236550175178238,0.0016757169574735603
0.3202170020671363,0.002145105345715445,-0.0028553549459341405
0.4779593710446266,-3.649164563298803e-05,-0.0004589402426648864
0.4984122539906529,0.0009378259520711904,-0.004193001172908678
0.2528995591548156,-0.00012395916360967616,0.0012201229648079518
0.4321461425201628,0.0005203247857035201,-0.00027462319900854656
0.353645455250865,0.0015916768805284485,-0.0029779776739058297
0.452547478772682,0.0022287906970177647,-0.001781891920202116
0.4058218815743301,-0.0016766690270679208,-0.002067972905858128
0.3836922979594177,0.003605680110257171,-0.003000687865937716
0.4452496807459606,-0.0013402763708456349,0.00838324187298224
0.4669380091056828,-0.0020553923689745884,0.0012052216015346114
0.1905903447986481,0.029613405794365156,0.008953274085967973
0.5451205793846644,0.004981759477889147,0.009689913753408065
0.3253658901639396,-0.002005907985523952,0.0026846186281314225
0.4745773026765401,-0.0015868133750303543,0.002207707259130298
0.2684276765849178,0.001231702898509434,-0.0009119394239650125
0.5120259865744529,-0.00045968179396108224,-0.0017463067673151613
0.3361680721250453,0.002853089018185104,0.003393347146895967
0.3675278687035149,0.0026581337517049162,-0.0026903155966073165
0.3080740456746126,0.0038999364095301126,-0.003627811513680692
0.5348746667699321,-0.003102641525231763,0.004393935333881912
0.2964022178210701,-0.00038744535646472264,-0.001918622940765479
0.4375310988698596,-0.002004040116045955,0.005530789964622194
0.36854174054666883,-0.0045263522995963035,0.00428708078519596
0.2644753707291194,-0.0005129802712784413,0.0001126675797794141
0.2391528751436413,-0.0019922371209510595,-0.00035668399491355383
0.5472200530756413,-0.0018919065407736366,0.003722107784134344
0.4253886999394558,-0.0013660544564958747,0.003842374041004246
0.40886683153426573,0.000433801665418749,-0.00038914488962036556
0.357532934668013,0.0018600824528198561,0.0011566341825863598
0.4371528345735351,-0.002884430165190526,0.0054188901992717475
0.43788912088066406,-0.001431387142168014,0.0005197376608519964
0.4659524603266301,-0.0006841023817696202,0.0015181750112079745
0.3158710476916558,0.00032021407419726295,0.0007534976691976447
0.2152478253795272,-0.0006617738812834151,-0.0011050390197083271
0.4831893844181736,0.001302726441077414,0.0006038710326457165
0.507643340928945,0.0011878109751599923,0.00041541215233408235
0.5419346222029093,-0.0006866193911949747,0.0029317143244000873
0.4793693995754717,0.0009179447337176685,-0.00015435011928233765
0.34519451332108086,-0.00040719941896162404,0.0005396825368434201
0.6627281337998422,-0.0016651036438597444,0.003401722989306637
0.3529360349992681,-0.0005204067072161243,0.00011469633668468628
0.4687984664463136,-0.00021056498802074736,-0.0011803408542461046
0.1520197127392864,0.00027635142589639924,0.002572673385007524
0.31936950063784014,0.0032386720181715447,-0.0023783086156375995
0.25308417518442816,-0.001314338604014402,0.0020728539604538535
0.493583645278342,0.00025604704418131304,-0.0007411457166929296
0.4273218019417102,0.003257954583378889,-0.0014469465600902406
0.43942200353733196,-0.0016537982909906005,0.005479064395561899
0.545143883052364,-1.3548629313842226e-05,-0.002075971344818006
0.17257999242486502,0.0030399337812538636,-0.005852758269113396
0.1722358052783245,0.002256528472992838,-0.0017715926160835477
0.5682251357370275,-0.002555484198008739,0.003446989193380777
0.41096190331442484,-0.0021078825288260816,0.001225491868432277
0.30141613154964986,0.0008155004751140331,0.004735194990895799
0.4668793195800738,-0.002371702070277944,0.004954734684025933
0.5387836061215924,0.0007265551041264622,0.0045477389596884805
0.44594874058777995,8.7083171850256e-05,-0.0007154329496553611
0.2719344049172733,0.0008618753696114,-0.0026123077163840982
0.4257831135702729,0.0009511284783592049,-0.003341293473636372
0.4511232038218362,0.0018028326764637532,0.0005073634632884038
0.4652519269147652,-0.0019578159030327947,0.0016975157617557099
0.5971848884244585,-0.0017985444666532785,0.001560910575231843
0.5892494164448256,0.005665914386885513,0.002900618596629831
0.7492510310722124,0.00018925939771117982,0.004249498285379557
0.4003371856979515,-0.002064282662810745,0.0021753773737289307
0.643136169809274,5.3675104429401145e-05,0.0022038940605512334
0.44738333559754057,0.009917139458896568,-0.002973775990552033
0.4105265924135557,0.0003603909207084599,0.0014858192234954346
0.3498403865675367,-0.0014423347565426588,0.000788230784883687
0.4732176171894463,-0.000903090254971899,0.004079254955577924
0.309829124890568,0.0031923588604409778,-0.000553472960848351
0.17027052504426424,-0.00031132302422125045,-0.002423081438062983
0.1181945738646701,0.002881895583831916,-0.0030846929878829443
0.4330970303776494,0.0040264404462265965,-0.0028832520460685324
0.4538931035304598,0.0024408497329127168,-0.0007666254045523895
0.3091321600574404,0.0005252528048542453,-0.000136985196631688
0.5874586929026968,0.00017145074941740465,-0.00019448715538629196
0.5173247102386285,-0.0009946583092465561,0.0021541890904513954
0.28701344490261294,-0.0022598255239304537,-0.0010681525171456205
0.3389470495876347,-0.0003168313444786457,-0.0019622482957446963
0.4834681481726659,-0.003802115799191988,0.004274638185185881
0.5910581547179599,0.0027686704788992982,-0.0006283787600036608
0.60382941612333,0.0030854832986671006,0.0002251274740177475
0.4808263062737621,-0.002455231557830359,0.002909151541937897
0.5160472454025005,-0.000590777642144256,0.0012182555759858564
0.25602606230581293,0.003145807011095544,-0.0029703501347518734
0.4320943588573138,0.0003147539904694871,-0.0007635961020046038
0.5543469425622427,0.0040698630142141125,0.004764290919586664
0.4776255536173938,0.0020093439897184147,-0.0033295451995652542
0.3735041876795954,0.0010109581829181832,-0.0023849794248880026
0.6545099669342639,-0.0008685857722521037,0.005904136538630075
0.4345920804407187,0.0005625618221412231,-0.002334273301236213
0.3389538937990309,0.00022240558192368316,0.0021744931169354405
0.6764678006971834,-0.00018943461478864674,0.0019467873286207265
0.3693846293367188,0.0006877797106692807,-0.0018066039135904198
0.4271132350746857,-0.0006404906842657224,-0.000982887782192476
0.42168282981051536,-0.001749852289992014,-0.002098194583382889
0.6217521575346409,0.007411882389694789,-0.0011793129095425622
0.33496416357029984,0.0027685653239592238,0.0028085337154202658
0.5747576975740424,-0.0006007881234200376,-0.0020526315344083046
0.4503890086089161,0.011549362592191127,0.0068718784150445964
0.3569917556666596,-0.0023044364549850635,0.00044879522409731437
0.5094419721265082,0.003032680462778764,-0.0040911681486013925
0.6748182389997055,0.0013081388250424583,0.005818787719461665
0.4388541110407457,-0.00269309736125315,0.004479023311302059
0.5344496495158111,0.0008357171297167947,0.007567288187525331
0.608685227635433,-0.002168780569635094,0.003388846881741929
0.6175846667872777,-0.0017927568563480105,0.0022100470102234216
0.3926176192444521,0.0026351425824521634,-0.0024429153023762954
0.5694480373611677,0.0015545669900540403,0.002470714273621631
0.2593393328962571,-0.001208340690632637,-0.0010912640370720316
0.6677490284536506,-0.0015543533744733894,0.0006864907685887543
0.4710791260818595,0.0032454782115006165,-0.0033539141102110416
0.6005192645242697,-0.0021945671174911164,0.007529515578628817
0.4508897474146109,0.001724323776930566,-0.000867421690375345
0.5725000804303539,0.0008770130591265047,-0.0023412820997826783
0.4120405307519123,-0.0013501247885718993,-0.0013517741605413801
0.5429392027002179,-0.0005073852065626701,0.0018156693667332542
0.6240835074936512,-0.00039426309166177165,0.0014386533613099715
0.5183833863014404,0.0022764165381973485,0.00804312384787266
0.613218311655458,-0.003997543847101542,0.006159549166036216
0.4616556938762672,0.00014959205282418653,0.0016872602429316276
0.5234946174740325,0.0019254543812282344,-0.003507801662441571
0.35177169819377,0.0003805178771482348,-0.002521181354977433
0.6046770740807405,-0.00035139661503043253,0.007181658416295617
0.37836095920308555,0.00045419958467144344,-0.003521982877243225
0.28489855965079997,0.0007107495547419223,-0.0009219166759951943
0.6108433910824563,0.0010924196079786805,-0.002367932748986037
0.30672776950751973,-0.0005649176998784931,-0.00173653656954139
0.3789549288957005,0.0010320705871120488,-0.002498906405633238
0.4754525984651952,-0.0001227079117094379,-0.0007429146023686837
0.3159408440387718,-0.002662209134433574,0.002470043669299232
0.5864656965139596,-0.0018558105967011109,0.0010492851461998242
0.5895614633951969,0.002411587706985237,-0.0047087088558084795
0.5811360696575196,-0.001628827225674583,0.00223158734916374
0.40628787188267856,-0.0024748258594319123,0.0029952639922548982
0.4412178369769257,-0.0003009337334607497,0.0014134396702692481
0.5144726380646842,-0.0031537828329314004,0.0018863151751608099
0.43196494897234017,-0.002658175529869136,0.0024953715007263377
0.6119846115291117,-0.00027710772075047554,-0.0002695823140775237
0.38808804131641916,-0.0033528475136874267,0.003324249645333245
0.41262842335988087,0.0027478963895086294,-0.00418092176978523
0.5036785279456014,0.000987593990493845,-0.003404587488461149
0.3538156773017245,0.0012094166805332563,-0.0019786618618134457
0.6041828185597395,0.005847694527605945,0.005020581733696491
0.6072235842912065,-0.002938283823436777,-0.0018213205991867809
0.7615413498652485,0.001994651646122731,-0.002454375177822176
0.4928487784916707,-0.0011515474763650927,-0.00046051661581407324
0.40588972420260544,-0.0018728169953032806,-0.0011867213192274257
0.2788400704757952,0.0035780727881236725,-0.001816141992382679
0.4491904141411048,0.0006457443688822062,-0.0012630582078398038
0.4109708038123612,0.0006371951290240422,-0.0007687409542093844
0.4087871012323629,-0.0014049862343531385,-0.0014421880416696084
0.2769741307389885,-0.0028840366906282165,0.003809143151917532
0.3112235958581978,-0.003302161962076856,0.005032857243247674
0.478811748419566,-0.002239095919262583,0.003218099933671961
0.507015834547184,-0.004167717655332448,0.005602166774913313
0.2875425407765658,0.001243246449739599,-0.001138465905414773
0.4776861305942346,-0.0008195240411808264,0.0004087281510506788
0.4675704756499178,0.0017102981793836898,-0.0035311003608839093
0.6948213987803382,0.0008240887624256731,-0.003990229843196864
0.28592133004289344,0.0002520775185752135,-0.0004880432433416364
0.4553048092519855,-1.9000887626884575e-05,-8.539510511785332e-05
0.304709220221954,-0.0020655760520654205,0.0012907610891788668
0.318381840268673,0.0007619491452213529,0.0005709393445733278
0.4720558571903251,-0.0003676370634124034,0.0010890770189377508
0.509084867358726,0.0001920747235135091,0.001765434707522009
